DATE;PRICE-AVG;PRICE-MAX;PRICE-MIN;TEMP;PREC;;;
2018.01.01;35,42;18,70;45,66;12,11;0,35;;;
2018.01.02;38,68;23,98;45,26;11,79;0,07;;;
2018.01.03;38,27;28,67;44,18;13,13;1,17;;;
2018.01.04;38,69;24,06;44,81;12,22;1,59;;;
2018.01.05;37,35;26,16;45,05;12,21;0,7;;;
2018.01.08;40,29;29,91;45,41;12,08;0;;;
2018.01.09;40,91;31,19;46,12;12,48;0,04;;;
2018.01.10;41,62;30,35;46,16;12,88;0,01;;;
2018.01.11;40,14;32,37;45,15;14,57;1,23;;;
2018.01.12;41,85;26,29;45,61;13,53;0,49;;;
2018.01.13;40,86;32,90;44,62;13,04;0,6;;;
2018.01.14;39,18;29,61;44,59;12,47;0,33;;;
2018.01.15;42,39;27,42;46,96;11,5;0,03;;;
2018.01.16;41,83;34,45;45,42;12;0,36;;;
2018.01.17;40,91;33,38;45,40;11,86;0,43;;;
2018.01.18;41,08;25,44;46,44;11,68;1,9;;;
2018.01.19;41,59;34,50;46,92;10,8;1,13;;;
2018.01.20;39,34;26,85;46,46;10,63;0,06;;;
2018.01.21;37,92;26,85;43,75;12,9;1,07;;;
2018.01.22;41,44;32,17;47,32;12,94;1,61;;;
2018.01.23;40,68;32,22;46,35;11,75;0,95;;;
2018.01.24;38,13;27,00;46,44;11,48;0,31;;;
2018.01.25;38,25;27,24;46,55;12,1;1;;;
2018.01.26;41,50;32,31;47,58;11,29;0,78;;;
2018.01.27;39,21;32,16;46,24;10,69;0,08;;;
2018.01.28;38,68;29,97;45,03;10,46;0;;;
2018.01.29;41,63;31,07;47,19;10,42;0;;;
2018.01.30;41,15;32,08;46,10;11;0;;;
2018.01.31;40,27;25,41;45,96;11,92;0,03;;;
2018.02.01;39,40;27,82;46,59;11,88;0,03;;;
2018.02.02;37,47;26,78;46,20;12,73;0,08;;;
2018.02.03;37,57;21,14;46,22;15,76;0,05;;;
2018.02.04;31,62;6,41;46,59;16,02;0,76;;;
2018.02.05;41,06;34,62;46,46;16,23;0,19;;;
2018.02.06;41,93;33,57;46,49;14,38;0,09;;;
2018.02.07;38,07;27,87;46,40;15,84;0,15;;;
2018.02.08;36,98;27,85;43,92;16,19;0,32;;;
2018.02.09;38,30;27,62;46,04;16,71;0,01;;;
2018.02.10;37,98;27,46;46,15;16,25;0,47;;;
2018.02.11;29,93;6,38;45,87;17,4;0,69;;;
2018.02.12;37,53;26,61;45,77;15,34;0,18;;;
2018.02.13;41,72;26,57;46,60;14,05;0,25;;;
2018.02.14;34,88;21,34;44,81;14,37;0,88;;;
2018.02.15;33,34;6,39;41,87;16,29;0,58;;;
2018.02.16;34,32;21,26;43,62;17,07;0,53;;;
2018.02.17;36,05;29,76;43,10;16,28;1,17;;;
2018.02.18;35,80;25,97;45,06;15,95;0,48;;;
2018.02.19;37,41;25,97;46,08;14,26;0,02;;;
2018.02.20;39,72;36,28;46,47;15;0,42;;;
2018.02.21;38,61;21,47;46,39;15,63;0,37;;;
2018.02.22;40,37;33,44;46,24;14,82;0,81;;;
2018.02.23;39,43;35,78;46,11;15,25;0,43;;;
2018.02.24;40,96;26,84;46,48;14,92;0,78;;;
2018.02.25;35,75;25,49;46,17;14,15;1,14;;;
2018.02.26;37,48;23,00;46,12;13,48;0,97;;;
2018.02.27;39,74;31,31;43,97;14,86;0,35;;;
2018.02.28;39,67;26,81;46,53;14,88;0,83;;;
2018.03.01;40,83;33,23;46,56;15,32;0,29;;;
2018.03.02;35,24;23,69;46,56;15,54;0,1;;;
2018.03.03;32,11;21,28;43,57;16,7;0,41;;;
2018.03.04;24,29;0,00;43,58;16,55;1;;;
2018.03.05;36,10;12,88;45,91;17,22;0,15;;;
2018.03.06;30,04;10,65;39,29;17,72;0,54;;;
2018.03.07;30,67;10,64;43,56;17,51;0,2;;;
2018.03.08;32,27;12,72;42,20;18,03;0,87;;;
2018.03.09;33,56;21,13;41,24;17,34;0,22;;;
2018.03.10;35,06;26,63;41,58;16,78;0;;;
2018.03.11;32,60;20,03;43,63;16,51;0,01;;;
2018.03.12;36,34;26,62;46,18;17,74;0,01;;;
2018.03.13;32,04;25,14;37,74;17,5;0,36;;;
2018.03.14;33,45;26,09;40,16;17,4;0,32;;;
2018.03.15;34,89;16,69;42,79;16,35;0,37;;;
2018.03.16;32,28;24,74;44,77;16,15;0,2;;;
2018.03.17;24,93;6,23;41,50;19,13;0;;;
2018.03.18;17,39;0,00;42,58;22,73;0,11;;;
2018.03.19;31,18;10,38;42,58;21,13;0,11;;;
2018.03.20;32,41;18,52;40,96;20,72;0,12;;;
2018.03.21;33,25;25,91;44,34;18,63;0,02;;;
2018.03.22;33,59;26,78;38,26;19,21;0,12;;;
2018.03.23;34,18;25,74;44,52;22,26;0,23;;;
2018.03.24;36,84;25,57;44,19;20,28;0,8;;;
2018.03.26;34,07;23,86;44,17;18,77;0,1;;;
2018.03.27;34,47;25,17;43,05;20,81;0,2;;;
2018.03.28;38,14;27,30;43,32;20,45;0,96;;;
2018.03.29;35,92;19,17;43,67;20,29;1,21;;;
2018.03.30;37,19;20,42;43,88;16,59;0,12;;;
2018.03.31;36,37;25,52;44,19;18,46;0;;;
2018.04.01;24,63;6,13;44,10;20,15;0,2;;;
2018.04.02;40,11;18,55;45,41;18,5;0,34;;;
2018.04.03;42,10;34,71;44,67;18,88;0,01;;;
2018.04.04;40,42;25,53;44,91;18,78;0;;;
2018.04.05;38,94;25,38;44,94;20,3;0;;;
2018.04.06;41,06;32,88;44,42;21,98;0,03;;;
2018.04.07;40,02;30,21;44,60;22,78;0,18;;;
2018.04.08;34,04;30,22;43,54;21,08;0,17;;;
2018.04.09;38,85;29,61;44,13;19,51;0,75;;;
2018.04.10;40,45;37,79;44,28;18,65;0,85;;;
2018.04.11;39,19;29,63;43,12;19,7;0,64;;;
2018.04.12;35,85;28,94;42,09;20,26;0,15;;;
2018.04.13;38,97;32,38;43,05;20,58;0,03;;;
2018.04.14;36,95;29,76;42,97;21,68;0,01;;;
2018.04.15;33,95;27,77;42,47;22,24;0;;;
2018.04.16;38,49;27,77;43,24;22,11;0,01;;;
2018.04.17;40,92;35,03;43,35;22,07;0,05;;;
2018.04.18;41,48;36,86;43,31;22,52;0;;;
2018.04.19;39,70;29,73;42,89;22,43;0,02;;;
2018.04.20;38,62;30,10;43,79;20,61;0,78;;;
2018.04.21;35,95;28,11;43,61;19,58;0,45;;;
2018.04.22;38,77;28,11;44,82;19,8;0,33;;;
2018.04.23;39,14;28,11;44,41;20,19;0;;;
2018.04.24;42,08;36,14;44,21;21,65;0,01;;;
2018.04.25;42,39;36,03;44,27;25,17;0,01;;;
2018.04.26;42,23;36,89;44,39;25,29;0,13;;;
2018.04.27;41,64;33,23;45,14;24,21;0,15;;;
2018.04.28;38,61;28,64;44,49;24,8;0,34;;;
2018.04.29;36,64;20,19;44,66;23,98;0,1;;;
2018.04.30;42,61;30,88;45,47;23,66;0,21;;;
2018.05.03;36,87;26,70;43,37;26,47;0,07;;;
2018.05.04;34,32;25,22;40,11;28,3;0,21;;;
2018.05.05;34,33;23,55;40,23;26,68;0,38;;;
2018.05.06;33,93;25,90;42,77;22,88;1,25;;;
2018.05.07;34,30;24,92;40,42;22,82;0,62;;;
2018.05.08;34,99;25,97;40,53;20,25;2,16;;;
2018.05.09;34,18;28,49;38,31;20,73;0,66;;;
2018.05.10;34,40;28,53;37,78;21,17;0,48;;;
2018.05.11;35,36;29,75;41,57;22,07;0,62;;;
2018.05.12;31,78;25,48;37,24;22,35;0,53;;;
2018.05.13;26,06;9,80;42,37;21,81;0,39;;;
2018.05.14;34,73;18,82;42,39;21,9;0,08;;;
2018.05.15;33,85;19,33;42,51;22,83;0,1;;;
2018.05.16;34,21;21,78;40,86;24,82;0,11;;;
2018.05.17;34,76;23,08;38,30;26,73;0,31;;;
2018.05.18;37,31;23,81;41,21;28,5;0,35;;;
2018.05.19;35,68;26,56;39,84;29,19;0,15;;;
2018.05.20;34,40;14,04;40,60;28,3;0,25;;;
2018.05.21;35,10;9,48;40,96;27,18;0,21;;;
2018.05.22;34,17;18,51;38,88;27,2;0,13;;;
2018.05.23;36,12;21,02;39,42;27,87;0,08;;;
2018.05.24;34,85;21,90;38,00;26,6;0,25;;;
2018.05.25;35,21;22,40;38,58;26,34;0,56;;;
2018.05.26;34,47;17,90;38,16;25,81;0,44;;;
2018.05.27;24,11;0,20;39,35;27,74;0,42;;;
2018.05.28;34,76;5,44;39,38;27,82;0,25;;;
2018.05.29;35,75;28,04;38,33;26,99;0,32;;;
2018.05.30;35,08;21,56;39,37;25,27;0,76;;;
2018.05.31;36,21;19,30;41,57;23,99;1,07;;;
2018.06.01;33,82;18,75;41,22;24,71;0,39;;;
2018.06.02;32,38;18,28;40,03;27,04;0,35;;;
2018.06.03;34,02;6,32;40,57;25,71;0,3;;;
2018.06.04;34,01;5,56;40,36;25,73;0,18;;;
2018.06.05;34,88;22,14;39,82;26,72;0,34;;;
2018.06.06;34,31;22,13;40,21;27,61;0,17;;;
2018.06.07;35,90;31,43;40,12;29,37;0,15;;;
2018.06.08;35,33;26,46;40,65;30,97;0,03;;;
2018.06.09;36,72;26,52;41,17;30,45;0;;;
2018.06.10;32,93;0,20;40,90;28,93;0,18;;;
2018.06.11;34,38;25,60;40,73;27,3;0,23;;;
2018.06.12;34,74;23,27;40,66;27,55;0,21;;;
2018.06.13;37,48;26,23;40,65;26,86;0,29;;;
2018.06.14;32,64;26,09;39,55;27,59;0,49;;;
2018.06.15;27,65;5,01;40,41;28,14;0,21;;;
2018.06.16;31,80;8,90;40,10;27,73;0,54;;;
2018.06.17;32,12;18,29;39,58;26,68;0,68;;;
2018.06.18;35,00;25,61;39,83;25,91;0,35;;;
2018.06.19;35,05;26,46;41,23;27,41;0,41;;;
2018.06.20;34,64;25,47;41,05;27,69;0,38;;;
2018.06.21;36,96;29,58;41,51;27,71;0,59;;;
2018.06.22;37,59;30,03;41,65;28,68;0,59;;;
2018.06.23;33,81;25,62;41,46;28,44;0,62;;;
2018.06.24;32,84;21,35;41,55;29,28;0,48;;;
2018.06.25;33,45;25,51;40,98;30,72;0,15;;;
2018.06.26;34,11;25,66;41,29;30,14;0,64;;;
2018.06.27;35,67;22,94;41,72;29,97;0,45;;;
2018.06.28;34,76;18,38;42,01;31,48;0,26;;;
2018.06.29;35,35;26,27;41,56;31,52;0,24;;;
2018.06.30;36,77;26,23;42,62;29,28;0,5;;;
2018.07.01;36,05;26,23;43,04;28,72;0,29;;;
2018.07.02;36,80;24,35;42,28;30,11;0,01;;;
2018.07.03;36,94;26,24;42,26;32,23;0,02;;;
2018.07.04;35,98;25,72;41,36;33,12;0,01;;;
2018.07.05;38,21;27,97;41,65;33,62;0,01;;;
2018.07.06;38,37;27,75;42,59;33,36;0;;;
2018.07.07;36,68;26,09;40,49;31,74;0;;;
2018.07.08;37,43;27,63;42,21;31,23;0,09;;;
2018.07.09;39,80;26,90;42,80;30,5;0,04;;;
2018.07.10;40,46;36,42;43,67;32,09;0,17;;;
2018.07.11;39,51;33,05;45,16;31,87;0,03;;;
2018.07.12;36,48;32,47;40,99;31,15;0,06;;;
2018.07.13;35,71;26,61;40,06;32,32;0,06;;;
2018.07.14;35,71;30,82;38,75;33,33;0,38;;;
2018.07.15;35,17;21,96;43,42;32,93;0,19;;;
2018.07.16;37,69;30,82;43,53;30,93;0,16;;;
2018.07.17;38,28;31,81;43,11;31,58;0,09;;;
2018.07.18;38,26;32,16;43,75;32,5;0,37;;;
2018.07.19;37,95;31,90;42,69;29,48;0,5;;;
2018.07.20;37,97;32,53;43,81;28,88;0,25;;;
2018.07.21;36,73;22,19;43,84;30,45;0,13;;;
2018.07.22;34,94;22,19;44,12;32,87;0,1;;;
2018.07.23;38,84;22,19;44,08;32,95;0,03;;;
2018.07.24;38,23;34,00;42,98;33,44;0,87;;;
2018.07.25;36,54;31,86;40,28;30,51;0,49;;;
2018.07.26;38,82;33,38;43,79;28,95;0,28;;;
2018.07.27;39,38;32,77;44,23;28,92;0,32;;;
2018.07.28;36,25;21,86;39,00;29,84;0,24;;;
2018.07.29;35,11;21,86;40,51;30,01;0,22;;;
2018.07.30;37,96;29,96;44,16;30,48;0,1;;;
2018.07.31;39,31;21,73;44,46;30,53;0,21;;;
2018.08.01;45,04;32,28;54,15;31,14;0,06;;;
2018.08.02;48,14;30,33;53,14;31,3;0,11;;;
2018.08.03;47,03;42,09;51,52;33,93;0,08;;;
2018.08.04;45,13;33,92;50,56;31,38;0,67;;;
2018.08.05;44,74;29,05;51,86;31,15;0,11;;;
2018.08.06;47,74;30,58;54,11;31,08;0,22;;;
2018.08.07;47,59;40,89;52,58;29,96;0,12;;;
2018.08.08;45,19;37,44;49,42;31,64;0,26;;;
2018.08.09;44,94;28,40;49,66;32,73;0,03;;;
2018.08.10;43,54;27,29;48,57;32,12;0;;;
2018.08.11;42,99;32,46;45,29;31,98;0;;;
2018.08.12;42,08;24,88;47,61;31,37;0,01;;;
2018.08.13;47,15;24,59;53,19;31,33;0;;;
2018.08.14;41,82;29,24;44,35;32,42;0;;;
2018.08.15;43,36;23,42;47,07;33,07;0;;;
2018.08.16;47,37;32,43;49,15;30,4;0;;;
2018.08.17;49,64;39,93;52,15;30,6;0,06;;;
2018.08.18;44,70;30,98;48,36;30,1;0,02;;;
2018.08.19;41,40;17,55;47,83;30,97;0,04;;;
2018.08.20;42,07;15,34;47,89;30,48;0,03;;;
2018.08.21;40,52;22,21;48,18;29,89;0,12;;;
2018.08.22;40,44;18,67;47,80;30,57;0,02;;;
2018.08.23;40,50;15,71;48,28;33,1;0,04;;;
2018.08.24;40,78;16,91;49,11;30,53;0,01;;;
2018.08.25;42,92;21,75;48,95;32,27;0,02;;;
2018.08.26;44,52;24,78;48,66;30,2;0,04;;;
2018.08.27;46,37;24,78;49,95;30,13;0,08;;;
2018.08.28;45,59;31,91;47,56;29,57;0,48;;;
2018.08.29;46,41;31,37;49,51;29,23;0,05;;;
2018.08.30;43,15;23,13;47,24;30,21;0,04;;;
2018.08.31;42,66;29,28;46,70;31,79;0;;;
2018.09.01;42,90;22,78;46,73;32,33;0,01;;;
2018.09.02;41,00;22,78;46,30;31,15;0;;;
2018.09.03;44,46;22,78;48,44;31,25;0;;;
2018.09.04;45,76;25,94;48,67;30,3;0,03;;;
2018.09.05;45,32;25,91;48,69;29,65;0,24;;;
2018.09.06;45,39;29,63;48,24;28,32;1,58;;;
2018.09.07;46,33;30,01;49,12;28,71;0,53;;;
2018.09.08;45,87;30,61;48,46;27,48;0,16;;;
2018.09.09;40,95;23,27;47,32;28,59;0,24;;;
2018.09.10;44,59;26,88;49,03;27,81;0,4;;;
2018.09.11;45,05;30,76;48,62;27,08;0,13;;;
2018.09.12;43,00;30,02;47,74;29,56;0,08;;;
2018.09.13;44,65;23,58;48,58;29,52;0,5;;;
2018.09.14;46,57;31,22;50,03;30,65;1,07;;;
2018.09.15;46,30;24,34;49,53;27,13;0,2;;;
2018.09.16;42,27;24,34;49,33;27,93;0,1;;;
2018.09.17;44,08;24,34;50,33;28,8;0,08;;;
2018.09.18;43,53;30,68;48,93;29,57;0,01;;;
2018.09.19;43,75;29,98;48,37;29,39;0;;;
2018.09.20;44,88;30,72;49,59;28,62;0,01;;;
2018.09.21;44,79;33,64;49,42;28,37;0,02;;;
2018.09.22;45,68;33,81;48,81;28,28;0;;;
2018.09.23;42,66;30,43;48,53;28,03;0;;;
2018.09.24;45,58;33,81;49,61;28,62;0;;;
2018.09.25;43,01;23,81;48,43;27,76;0,72;;;
2018.09.26;42,09;22,08;49,27;27,36;0,19;;;
2018.09.27;42,35;24,23;49,58;27,51;0,02;;;
2018.09.28;46,83;35,50;51,81;27,24;0,16;;;
2018.09.29;46,58;35,89;50,99;27,8;0,24;;;
2018.10.01;47,65;32,30;52,38;27,63;0,58;;;
2018.10.02;47,15;25,19;52,46;26,82;0,15;;;
2018.10.03;49,46;41,78;52,47;26,55;0,01;;;
2018.10.04;47,13;41,39;50,98;26,4;0,18;;;
2018.10.05;43,66;24,67;50,47;27,15;0;;;
2018.10.06;42,62;24,52;49,60;26,16;0;;;
2018.10.07;41,30;7,04;49,51;26,43;0;;;
2018.10.08;45,04;35,23;50,89;25,89;0,09;;;
2018.10.09;45,91;35,35;50,88;24,84;0,15;;;
2018.10.10;45,29;24,79;51,15;25,03;0,26;;;
2018.10.11;46,37;35,06;51,55;25,65;0,15;;;
2018.10.12;147,43;25,07;51,83;25,13;0,44;;;
2018.10.13;144,32;25,58;51,39;23,61;0,46;;;
2018.10.14;145,37;18,38;52,37;24,95;0,05;;;
2018.10.15;144,94;20,58;52,96;25,49;0,04;;;
2018.10.16;148,82;39,63;53,35;25,82;0,09;;;
2018.10.17;147,91;25,94;53,48;26,36;0,22;;;
2018.10.18;150,17;26,44;55,43;27,38;0,11;;;
2018.10.19;152,86;43,62;56,98;26,87;0,09;;;
2018.10.20;150,95;43,38;55,53;24,82;0,44;;;
2018.10.21;146,86;26,96;54,65;22,6;0,5;;;
2018.10.22;149,29;23,24;55,90;22,68;0,09;;;
2018.10.23;150,44;26,73;55,71;24,04;0,28;;;
2018.10.24;149,68;26,27;54,36;24,44;0,5;;;
2018.10.25;146,98;26,77;54,59;20,17;1,81;;;
2018.10.26;148,48;27,00;55,71;17,52;0,77;;;
2018.10.27;147,11;27,21;55,38;17,28;0;;;
2018.10.28;143,84;7,82;55,83;18,42;0;;;
2018.10.29;147,11;4,69;56,10;19,9;0;;;
2018.10.30;149,69;16,30;56,85;20,72;0;;;
2018.10.31;153,30;27,79;57,42;21,08;0,01;;;
2018.11.01;149,48;24,09;52,89;21,16;0;;;
2018.11.02;47,41;27,02;50,80;21,72;0;;;
2018.11.03;46,58;35,18;50,08;22,5;0,03;;;
2018.11.04;43,35;26,65;50,05;22,23;0,17;;;
2018.11.05;47,67;32,33;50,55;20,85;0,62;;;
2018.11.06;47,57;39,02;51,18;18,91;0,02;;;
2018.11.07;47,70;27,37;50,46;19,54;0,14;;;
2018.11.08;48,52;40,35;50,32;18,76;0,12;;;
2018.11.09;47,32;27,30;50,04;18,99;0,02;;;
2018.11.11;47,37;42,34;50,29;17,94;0,45;;;
2018.11.12;47,26;27,62;50,09;18,61;0,04;;;
2018.11.13;47,62;31,58;49,76;18,25;0,04;;;
2018.11.14;47,59;27,67;49,77;18,03;0,87;;;
2018.11.15;48,34;38,88;50,22;15,37;0,95;;;
2018.11.16;48,03;20,56;50,97;14,3;0,52;;;
2018.11.17;48,77;35,79;50,39;13,4;1,05;;;
2018.11.18;45,48;21,81;50,91;15,78;0,71;;;
2018.11.19;45,50;9,06;51,67;17,23;0,42;;;
2018.11.20;49,22;37,19;51,42;17,55;0,03;;;
2018.11.21;48,47;32,68;51,38;17,64;0,42;;;
2018.11.22;48,46;38,60;51,39;16,82;0,83;;;
2018.11.23;46,77;16,57;50,95;16,31;0,23;;;
2018.11.24;47,08;8,33;51,96;17,19;0,16;;;
2018.11.25;46,73;26,47;50,71;15,51;0,01;;;
2018.11.26;47,16;8,34;51,28;16,08;0,47;;;
2018.11.27;49,34;37,00;51,81;18,08;0,26;;;
2018.11.28;48,95;26,79;53,11;18,82;1,33;;;
2018.11.29;49,73;29,06;52,83;18,72;0,57;;;
2018.11.30;48,52;27,23;53,44;17,58;1,59;;;
2018.12.01;50,11;37,10;53,49;15,29;0,82;;;
2018.12.02;47,76;37,10;52,27;15,1;0,03;;;
2018.12.03;47,82;27,23;53,53;17,01;0,22;;;
2018.12.04;48,56;31,95;52,18;16,57;1,35;;;
2018.12.05;45,94;28,51;50,54;14,78;0,99;;;
2018.12.06;42,68;21,06;48,61;15,05;2,52;;;
2018.12.07;42,32;15,81;48,52;14,92;0,79;;;
2018.12.08;46,77;37,11;48,46;15,25;0,24;;;
2018.12.09;41,15;20,24;47,61;14,01;0,72;;;
2018.12.10;41,04;10,27;48,39;14,77;1,17;;;
2018.12.11;45,38;23,77;49,97;15,61;1,71;;;
2018.12.12;45,57;28,39;48,86;15,15;1,11;;;
2018.12.13;45,03;28,57;48,96;13,42;0,26;;;
2018.12.14;42,15;16,74;48,54;12,63;0,11;;;
2018.12.15;42,14;18,86;47,92;14,23;0,99;;;
2018.12.16;39,52;0,17;48,03;15,12;2,03;;;
2018.12.17;41,37;0,92;49,47;14,18;0,48;;;
2018.12.18;41,79;28,17;48,20;13,6;1,3;;;
2018.12.19;42,34;18,10;48,64;13,51;2,27;;;
2018.12.20;40,56;4,93;48,92;14,07;0,51;;;
2018.12.21;44,97;28,84;49,56;12,97;0;;;
2018.12.22;43,23;24,49;48,20;13,94;0,13;;;
2018.12.23;37,77;19,85;48,34;13,41;0,39;;;
2018.12.24;40,21;22,14;48,81;13,41;0,88;;;
2018.12.25;34,78;4,79;47,65;12,56;1,36;;;
2018.12.26;39,50;4,96;48,46;13,65;1,4;;;
2018.12.27;44,28;24,75;49,53;11,31;0,81;;;
2018.12.28;41,62;26,74;48,89;9,68;0,15;;;
2018.12.29;41,24;22,50;48,32;9,05;0,31;;;
2018.12.30;35,15;9,45;47,63;10,31;0,77;;;
2018.12.31;40,79;16,55;49,17;9,78;0,35;;;
2019.01.01;19,98;1,84;48,12;9,93;3,38;;;
2019.01.02;37,76;5,39;49,44;11,83;2,53;;;
2019.01.03;39,03;15,87;47,98;11,68;0,7;;;
2019.01.04;34,11;0,19;48,06;13,2;1,05;;;
2019.01.05;39,59;17,82;47,48;12,97;0,89;;;
2019.01.06;38,34;16,02;47,75;10,11;0,77;;;
2019.01.07;39,96;12,36;47,96;10,2;0,41;;;
2019.01.08;40,38;15,79;48,77;8,29;1,1;;;
2019.01.09;34,96;0,70;46,39;7,4;0,21;;;
2019.01.10;25,75;0,35;47,00;10,81;1,33;;;
2019.01.11;28,73;0,07;48,95;12,03;1,18;;;
2019.01.12;37,55;20,04;48,09;10,98;2,85;;;
2019.01.13;27,69;1,58;49,94;10,79;1,33;;;
2019.01.14;41,59;3,17;50,25;11,33;0,2;;;
2019.01.15;36,23;16,64;49,35;11,03;2,34;;;
2019.01.16;40,63;3,21;51,05;10,75;1,46;;;
2019.01.17;40,48;20,65;51,29;9,3;0,27;;;
2019.01.18;38,66;9,26;51,34;8,82;0,01;;;
2019.01.19;30,18;9,27;52,75;9,27;0,11;;;
2019.01.20;29,74;0,08;53,52;11,03;0,76;;;
2019.01.21;41,16;0,98;53,30;11,06;3,59;;;
2019.01.22;43,58;20,27;53,62;11,42;0,31;;;
2019.01.23;38,15;0,72;53,01;12,02;0,77;;;
2019.01.24;39,31;0,33;53,85;14,41;1,19;;;
2019.01.25;41,21;20,28;54,26;13,15;0,69;;;
2019.01.26;37,54;9,47;54,05;14,09;1,93;;;
2019.01.27;35,27;1,00;54,01;12,6;0,63;;;
2019.01.28;41,99;9,47;54,30;12,5;0,24;;;
2019.01.29;38,71;6,87;53,40;12,81;0,19;;;
2019.01.30;34,24;1,65;52,89;14,45;2,17;;;
2019.01.31;34,60;16,58;53,13;14,15;1,08;;;
2019.02.01;37,45;8,37;54,54;13,14;0,4;;;
2019.02.02;41,97;21,69;54,79;12,06;0;;;
2019.02.03;31,27;20,37;53,95;13,41;0;;;
2019.02.04;42,18;1,00;54,25;13,28;0;;;
2019.02.05;43,07;33,67;54,16;14,79;0,06;;;
2019.02.06;45,45;20,52;54,99;14,13;1,58;;;
2019.02.07;42,69;21,84;54,23;12,65;0,73;;;
2019.02.08;43,95;2,33;54,32;12,26;0,94;;;
2019.02.09;47,08;27,48;54,12;12,16;0,5;;;
2019.02.10;42,31;0,34;54,51;11,43;0,3;;;
2019.02.11;44,78;33,45;54,70;11,07;0,02;;;
2019.02.12;38,60;3,36;54,63;14,4;0,65;;;
2019.02.13;44,48;33,61;54,41;14,21;1,01;;;
2019.02.14;44,62;26,60;54,45;12,93;0,65;;;
2019.02.15;43,82;25,96;53,90;13,03;0,32;;;
2019.02.16;43,05;25,88;54,90;11,98;0,08;;;
2019.02.17;38,40;0,00;55,56;11,79;0,08;;;
2019.02.18;47,14;33,88;55,12;12,02;0;;;
2019.02.19;47,05;33,20;53,86;13,09;0;;;
2019.02.20;46,77;21,02;53,96;13,3;0,07;;;
2019.02.21;45,49;30,83;53,70;13,01;0,12;;;
2019.02.22;47,18;15,36;54,05;13,87;0,24;;;
2019.02.23;42,61;13,32;53,47;13,23;0,72;;;
2019.02.24;29,60;0,83;53,75;13,96;0,26;;;
2019.02.25;44,48;24,02;53,73;14,62;0,1;;;
2019.02.26;45,91;23,71;54,23;15,57;0,49;;;
2019.02.27;45,89;20,93;53,42;13,52;0,54;;;
2019.02.28;45,90;4,98;54,04;10,25;0,48;;;
2019.03.01;46,53;26,37;54,16;11,68;0,01;;;
2019.03.02;45,65;26,13;53,28;12,9;0,14;;;
2019.03.03;40,20;8,17;53,49;12,94;0,55;;;
2019.03.04;46,01;20,59;54,21;12,9;0,35;;;
2019.03.05;49,32;36,60;53,65;14,36;-9,7;;;
2019.03.06;45,12;20,73;52,29;14,27;-9,64;;;
2019.03.07;47,32;25,71;52,12;14,92;-9,38;;;
2019.03.08;45,59;25,75;51,62;13,6;-10;;;
2019.03.09;43,66;20,64;51,64;17,2;-10;;;
2019.03.10;40,06;10,44;51,88;14,99;-9,96;;;
2019.03.11;41,08;20,64;51,65;16,7;-9,97;;;
2019.03.12;42,64;20,68;51,43;16,22;-8,81;;;
2019.03.13;42,62;20,56;50,94;17,59;-9,65;;;
2019.03.14;45,23;20,48;51,31;14,59;-9,52;;;
2019.03.15;44,82;20,46;50,83;14,7;-9,27;;;
2019.03.16;40,53;20,45;50,68;13,38;-9,31;;;
2019.03.17;30,02;3,23;50,70;15,81;-9,76;;;
2019.03.18;42,11;20,45;51,04;14,87;-10;;;
2019.03.19;47,73;25,33;51,72;16,39;-10;;;
2019.03.20;48,40;41,58;50,43;17,42;-9,92;;;
2019.03.21;40,54;20,35;49,76;17,9;-9,98;;;
2019.03.22;39,95;4,82;49,80;17,63;-9,98;;;
2019.03.23;39,46;0,80;48,83;17;-9,67;;;
2019.03.25;40,50;10,16;50,05;14,54;-9,55;;;
2019.03.26;47,15;39,99;48,94;15,38;-9,98;;;
2019.03.27;47,10;25,64;49,48;15,62;-9,46;;;
2019.03.28;42,48;15,65;49,07;16,29;-9,76;;;
2019.03.29;30,44;2,74;47,88;15,02;-8,71;;;
2019.03.30;39,24;18,92;48,36;15,21;1,88;;;
2019.03.31;22,67;0,79;47,88;14,41;1,62;;;
2019.04.01;40,95;12,61;48,72;14,65;0,37;;;
2019.04.02;43,71;32,19;49,59;14,66;0,44;;;
2019.04.03;45,41;27,36;49,71;15,25;0,39;;;
2019.04.04;44,00;27,45;49,02;16,91;0,28;;;
2019.04.05;44,10;28,47;48,67;17,02;0,14;;;
2019.04.06;39,96;22,27;48,62;16,9;0,38;;;
2019.04.07;19,57;0,80;47,91;18,53;0,25;;;
2019.04.08;36,67;12,73;48,27;18,74;0,74;;;
2019.04.09;33,34;21,95;47,56;18,35;0,7;;;
2019.04.10;29,40;1,56;47,06;16,7;1,03;;;
2019.04.11;21,36;3,12;46,89;16,2;0,71;;;
2019.04.12;29,94;0,77;46,97;17,25;0,35;;;
2019.04.13;20,92;0,15;46,21;19,85;0,38;;;
2019.04.14;9,60;0,00;45,90;23,75;0,54;;;
2019.04.15;34,51;15,30;46,77;18,55;0,45;;;
2019.04.16;28,07;4,57;45,67;15,86;0,88;;;
2019.04.17;27,12;1,17;46,25;16,32;0,4;;;
2019.04.18;22,46;0,72;44,50;15,93;0,3;;;
2019.04.19;19,06;0,15;42,76;16,23;0,35;;;
2019.04.20;21,73;3,06;35,12;14,37;0,42;;;
2019.04.21;10,77;0,00;36,65;14,33;1;;;
2019.04.22;29,60;1,53;46,63;15,51;0,39;;;
2019.04.23;23,43;2,29;46,07;16,23;0,03;;;
2019.04.24;35,86;18,34;46,60;19,16;0,15;;;
2019.04.25;37,34;26,26;45,81;20,36;0,01;;;
2019.04.26;40,56;29,43;45,99;20,68;0,25;;;
2019.04.27;33,52;15,10;45,58;21;0,2;;;
2019.04.28;11,34;0,00;45,37;21,85;0,17;;;
2019.04.29;22,77;1,47;45,47;22,51;0,06;;;
2019.04.30;14,02;0,15;45,31;24,38;0,02;;;
2019.05.01;18,13;0,30;45,32;22,54;0,05;;;
2019.05.02;32,11;3,74;45,37;22,25;0,5;;;
2019.05.03;31,27;14,19;44,86;20,74;0,28;;;
2019.05.04;26,04;8,85;44,49;20,06;0,53;;;
2019.05.05;2,86;0,00;25,96;21,63;0,21;;;
2019.05.06;18,49;0,00;45,01;24,74;0,05;;;
2019.05.07;22,78;0,15;44,49;21,49;0,43;;;
2019.05.08;30,43;0,73;42,18;18,63;0,53;;;
2019.05.09;33,40;3,61;42,72;18,78;0,03;;;
2019.05.10;24,25;0,00;43,03;19,18;0,45;;;
2019.05.11;32,08;0,74;44,38;19,74;0,48;;;
2019.05.12;17,90;0,07;43,82;22,3;0,02;;;
2019.05.13;31,45;0,15;44,05;24,5;0;;;
2019.05.14;33,63;0,15;44,36;27,17;0,03;;;
2019.05.15;36,43;0,59;45,50;29,56;0,05;;;
2019.05.16;37,45;0,44;45,59;29,12;0,06;;;
2019.05.17;38,13;0,75;45,99;27,51;0,25;;;
2019.05.18;33,79;0,15;45,97;25,16;0,42;;;
2019.05.19;14,90;0,00;44,68;23,29;0,65;;;
2019.05.20;28,20;0,00;45,84;25,23;0,01;;;
2019.05.21;36,98;0,59;45,26;24,3;0,26;;;
2019.05.22;33,02;0,74;45,52;25,48;0,03;;;
2019.05.23;30,86;0,15;45,20;27,59;0,14;;;
2019.05.24;27,17;0,44;44,18;28,43;1,05;;;
2019.05.25;22,56;0,15;44,72;25,15;0,24;;;
2019.05.26;12,31;0,14;25,45;23,43;0,01;;;
2019.05.27;31,12;0,15;45,38;26,48;0;;;
2019.05.28;36,63;0,74;45,41;28,46;0,01;;;
2019.05.29;38,79;1,48;46,20;29,08;0,01;;;
2019.05.30;42,64;7,45;47,29;29,55;0,01;;;
2019.05.31;41,92;4,57;47,55;29,68;0,11;;;
2019.06.01;34,31;17,41;46,66;28,83;0,09;;;
2019.06.02;30,77;1,53;47,59;30,79;0,33;;;
2019.06.03;22,08;0,61;47,63;29,33;0,06;;;
2019.06.04;9,45;0,00;42,42;28,17;0,06;;;
2019.06.05;8,14;0,00;45,79;27,88;0,05;;;
2019.06.06;11,86;0,00;46,94;27,27;0,07;;;
2019.06.07;29,19;1,54;46,59;26,84;0,03;;;
2019.06.08;32,17;1,52;46,51;28,69;0,07;;;
2019.06.11;45,81;22,90;48,39;28,5;0,42;;;
2019.06.12;46,24;26,31;60,83;26,25;0,35;;;
2019.06.13;40,15;22,88;46,80;26,83;0,22;;;
2019.06.14;38,04;24,21;45,69;28,23;0,51;;;
2019.06.15;33,59;7,08;45,31;29,14;0,2;;;
2019.06.16;22,27;1,51;44,59;31,83;0,32;;;
2019.06.17;33,35;3,76;46,18;28,52;0,3;;;
2019.06.18;37,26;22,74;45,88;27,12;0,39;;;
2019.06.19;40,42;15,31;47,74;27,1;0,51;;;
2019.06.20;41,07;26,21;45,95;27,21;0,39;;;
2019.06.21;40,91;26,34;46,71;27,9;0,44;;;
2019.06.22;38,87;25,20;46,06;29,09;0,14;;;
2019.06.23;28,43;6,84;46,16;30,28;0,03;;;
2019.06.24;43,33;18,23;47,66;30,68;0;;;
2019.06.25;41,91;13,63;46,87;31,99;0,01;;;
2019.06.26;43,42;13,70;48,20;34,35;0,03;;;
2019.06.27;50,06;25,95;76,34;34,55;0,03;;;
2019.06.28;45,46;27,45;48,73;32,9;0,27;;;
2019.06.29;43,36;15,23;46,47;30,39;0,12;;;
2019.06.30;28,99;1,52;46,52;30,32;0,1;;;
2019.07.01;38,43;7,61;46,76;29,36;0;;;
2019.07.02;45,66;27,23;49,64;29,73;0;;;
2019.07.03;48,10;29,74;50,61;29,87;0;;;
2019.07.04;50,29;40,60;52,38;31,81;0,01;;;
2019.07.05;47,71;15,82;50,61;31,16;0,02;;;
2019.07.06;48,53;26,13;50,58;31,55;0,04;;;
2019.07.07;43,34;23,74;51,07;32,41;0,01;;;
2019.07.08;50,20;32,63;52,71;31,4;0,06;;;
2019.07.09;52,06;48,56;59,87;31,96;0,03;;;
2019.07.10;51,70;48,69;54,82;31,98;0,24;;;
2019.07.11;48,71;41,93;49,70;34,19;1,1;;;
2019.07.12;48,91;42,24;50,39;29,68;0,25;;;
2019.07.13;48,67;40,41;50,31;28,29;0,15;;;
2019.07.14;45,75;32,02;49,88;27,55;0,24;;;
2019.07.15;45,70;32,02;49,76;27,25;0,55;;;
2019.07.16;48,03;32,06;50,10;27,35;0,08;;;
2019.07.17;47,81;35,78;50,23;28,56;0,47;;;
2019.07.18;47,56;28,21;49,85;28,81;0,29;;;
2019.07.19;47,68;32,89;49,97;28,22;0,05;;;
2019.07.20;46,09;22,10;49,65;32,43;0,02;;;
2019.07.21;39,41;15,79;50,28;31,58;0,01;;;
2019.07.22;47,31;22,10;50,52;32,28;0,02;;;
2019.07.23;48,42;31,23;51,09;31,34;0,01;;;
2019.07.24;48,36;37,77;50,50;29,42;0,3;;;
2019.07.25;47,61;31,18;50,18;29,57;0,04;;;
2019.07.26;49,58;38,09;52,15;31,02;0;;;
2019.07.27;;42,32;51,68;31,7;0;;;
2019.07.28;;27,95;52,47;30,72;0;;;
2019.07.29;;50,08;53,09;30,44;0,01;;;
2019.07.30;;45,21;52,69;31,54;0,07;;;
2019.07.31;;49,51;53,62;30,27;0;;;
2019.08.01;51,20;42,20;53,56;31,13;0,01;;;
2019.08.02;50,70;46,33;52,24;31,23;0,04;;;
2019.08.03;50,62;48,35;52,23;31,92;0,05;;;
2019.08.04;48,78;43,26;50,50;33,3;0,43;;;
2019.08.05;50,48;48,08;52,22;32,49;0,11;;;
2019.08.06;49,88;40,33;51,83;32,02;0,04;;;
2019.08.07;50,37;48,58;51,88;31,47;0;;;
2019.08.08;51,14;49,26;52,46;31,56;0;;;
2019.08.09;50,97;49,10;52,23;33,23;0;;;
2019.08.10;50,51;43,12;52,76;32,28;0,01;;;
2019.08.11;24,97;0,16;49,42;34,46;0;;;
2019.08.12;32,26;1,63;50,31;35,5;0;;;
2019.08.13;40,98;8,05;50,53;36,73;0;;;
2019.08.14;47,89;39,59;51,10;35,75;0,02;;;
2019.08.15;50,59;48,59;51,81;33,54;0,08;;;
2019.08.16;50,28;48,14;51,69;30,7;0,16;;;
2019.08.17;50,24;48,74;51,27;29,45;1,24;;;
2019.08.18;44,68;24,77;50,80;29,65;0,2;;;
2019.08.19;50,23;45,14;51,37;29,06;0,1;;;
2019.08.20;49,95;48,34;51,03;32,17;0,1;;;
2019.08.21;49,04;47,54;50,20;29,98;0,37;;;
2019.08.22;92,74;89,85;94,95;29,99;0,08;;;
2019.08.23;48,62;46,87;49,63;31,4;0,02;;;
2019.08.24;48,09;39,18;49,47;31,8;0;;;
2019.08.25;47,69;40,74;49,79;33,34;0,01;;;
2019.08.26;48,75;41,34;50,30;31,67;0,01;;;
2019.08.27;48,06;44,13;49,69;31,3;0,01;;;
2019.08.28;48,77;46,57;50,70;30,73;0;;;
2019.08.29;48,44;41,87;50,56;32,67;0,01;;;
2019.08.30;46,32;35,61;48,34;31,36;0,09;;;
2019.08.31;45,80;31,98;48,20;29,99;0;;;
2019.09.01;43,07;31,98;48,14;29,73;0;;;
2019.09.02;47,91;40,14;49,66;29,7;0;;;
2019.09.03;48,70;42,47;50,19;29,85;0,02;;;
2019.09.04;48,88;39,72;50,74;28,53;0,08;;;
2019.09.05;48,93;41,45;50,63;29,39;0,11;;;
2019.09.06;48,56;44,24;49,84;28,25;0,12;;;
2019.09.07;46,48;32,76;49,40;27,96;0,07;;;
2019.09.08;45,04;27,83;49,43;28,47;0,03;;;
2019.09.09;47,36;32,76;50,09;28,22;0,01;;;
2019.09.10;48,18;42,40;49,50;28,04;0,02;;;
2019.09.11;46,95;39,79;49,00;28,33;0,01;;;
2019.09.12;47,94;43,17;49,26;28,37;0,01;;;
2019.09.13;49,01;45,61;50,19;28,07;0,26;;;
2019.09.14;47,18;41,34;49,09;28,75;0,17;;;
2019.09.15;38,89;7,95;49,11;29,23;0,43;;;
2019.09.16;46,47;32,75;50,37;27,78;0,05;;;
2019.09.17;49,14;44,59;51,21;26,48;0,03;;;
2019.09.18;49,46;47,25;51,00;27,54;0;;;
2019.09.19;48,72;45,02;50,18;28,33;0;;;
2019.09.20;48,52;47,28;49,90;26,52;0,92;;;
2019.09.21;47,02;42,94;49,07;27,61;0,07;;;
2019.09.22;38,65;7,15;49,76;25,09;0;;;
2019.09.23;49,18;47,80;50,79;24,52;0;;;
2019.09.24;49,38;46,94;50,80;25,03;0,42;;;
2019.09.25;49,31;44,57;51,28;25,13;0,5;;;
2019.09.26;50,21;47,92;51,87;25,68;0,02;;;
2019.09.27;50,01;43,91;52,07;26,48;0,19;;;
2019.09.28;48,92;42,84;51,01;26,56;0,18;;;
2019.09.29;43,05;24,24;50,47;26,96;0;;;
2019.09.30;50,24;45,05;52,35;26,31;0;;;
2019.10.01;50,37;48,28;51,96;26,37;0;;;
2019.10.02;49,28;34,69;52,03;26,82;0,01;;;
2019.10.03;48,11;36,76;50,79;26,35;0,06;;;
2019.10.04;47,42;34,43;50,22;26;0,28;;;
2019.10.05;47,10;36,14;50,44;25,85;0,54;;;
2019.10.06;41,51;27,20;50,11;25,08;1,4;;;
2019.10.07;45,78;24,00;50,44;24,57;0,28;;;
2019.10.08;46,49;31,54;49,50;25,76;0,93;;;
2019.10.09;45,57;23,40;49,26;26,27;0,01;;;
2019.10.10;47,67;43,43;50,71;25,42;0;;;
2019.10.11;46,34;41,85;48,26;26,44;0,04;;;
2019.10.12;43,93;30,75;47,88;27,73;0,02;;;
2019.10.13;28,23;1,55;47,90;27,32;0;;;
2019.10.14;42,14;15,45;49,48;29,66;0;;;
2019.10.15;46,36;30,57;50,43;30,58;0,05;;;
2019.10.16;48,02;38,65;51,25;28,35;0,21;;;
2019.10.17;48,50;39,95;51,22;26,64;0,09;;;
2019.10.18;48,16;42,35;50,82;24,55;0,07;;;
2019.10.19;48,60;41,74;51,21;24,59;0,1;;;
2019.10.20;41,18;22,83;50,11;24,22;0,11;;;
2019.10.21;43,48;26,07;50,21;23,25;0,22;;;
2019.10.22;43,49;26,13;51,20;23,27;0,17;;;
2019.10.23;43,97;26,19;51,62;23,63;0,04;;;
2019.10.24;45,67;26,43;52,08;24,79;0,1;;;
2019.10.25;47,18;27,24;51,76;24,27;0,04;;;
2019.10.26;48,10;42,02;52,32;23,59;0,08;;;
2019.10.27;37,71;15,62;51,45;22,83;0,19;;;
2019.10.28;48,56;31,25;52,15;20,18;0,52;;;
2019.10.29;47,72;39,38;51,98;19,9;0,8;;;
2019.10.30;49,64;39,31;53,15;20,32;0,08;;;
2019.10.31;48,68;32,81;52,82;20,52;0,23;;;
2019.11.01;47,35;37,67;50,91;20,12;0,56;;;
2019.11.02;45,14;31,37;51,85;19,15;0,22;;;
2019.11.03;37,59;10,82;50,83;18,7;0;;;
2019.11.04;42,12;15,69;51,87;19,46;0,39;;;
2019.11.05;44,37;26,46;53,24;21,34;0,4;;;
2019.11.06;44,36;31,19;52,66;21,47;0;;;
2019.11.07;46,11;31,19;52,98;21,75;0;;;
2019.11.08;46,52;31,28;52,38;22,38;0,03;;;
2019.11.09;49,05;42,79;53,22;22,15;0,01;;;
2019.11.10;42,09;26,45;51,71;22,53;0,04;;;
2019.11.11;50,49;37,79;62,53;22,7;0,03;;;
2019.11.12;48,71;40,08;52,73;20,71;0;;;
2019.11.13;49,19;42,74;52,84;21,29;0,04;;;
2019.11.14;47,31;31,43;52,81;22,88;0,68;;;
2019.11.15;46,74;31,57;52,43;22,1;0,84;;;
2019.11.16;49,24;42,84;52,11;20,46;0;;;
2019.11.17;38,73;7,88;52,60;18,61;0;;;
2019.11.18;48,84;33,33;52,81;17,78;0,01;;;
2019.11.19;49,04;35,92;52,25;16,44;0;;;
2019.11.20;46,95;31,59;53,07;16;0;;;
2019.11.21;49,69;39,68;53,33;16,12;0,02;;;
2019.11.22;49,82;43,07;52,37;16,53;0,49;;;
2019.11.23;47,76;31,69;52,30;16,41;0,72;;;
2019.11.24;47,07;31,53;52,84;17,26;0,05;;;
2019.11.25;47,31;31,53;52,51;16,83;1,13;;;
2019.11.26;49,99;31,65;53,49;18,43;2,2;;;
2019.11.27;50,88;40,38;56,80;15,49;0,68;;;
2019.11.28;49,51;42,40;51,90;15,33;0,27;;;
2019.11.29;47,19;27,25;52,78;16,83;0,61;;;
2019.11.30;49,60;43,00;52,55;17;0,74;;;
2019.12.01;45,16;7,91;51,37;16,97;0,93;;;
2019.12.02;45,27;15,82;53,48;14,65;0,54;;;
2019.12.03;48,82;39,41;52,81;13,35;0,26;;;
2019.12.04;47,47;29,13;52,17;14,39;0,57;;;
2019.12.05;46,55;31,44;50,71;14,45;0,91;;;
2019.12.06;48,97;31,33;52,94;12,95;0,64;;;
2019.12.07;48,81;39,13;52,02;12,96;0,07;;;
2019.12.08;47,95;31,30;52,43;13,27;0,16;;;
2019.12.09;48,05;31,30;52,43;13,44;0,4;;;
2019.12.10;49,96;44,28;52,59;13,88;0,77;;;
2019.12.11;47,77;31,11;52,10;14,83;4,3;;;
2019.12.12;49,39;39,56;52,53;13,39;1,67;;;
2019.12.13;47,97;31,06;52,03;13,06;0,85;;;
2019.12.14;43,25;26,22;48,89;13,93;1,54;;;
2019.12.15;40,66;17,98;49,67;13,8;0,3;;;
2019.12.16;44,70;15,42;51,68;14,19;0,01;;;
2019.12.17;47,43;30,68;51,39;13,49;0;;;
2019.12.18;48,16;40,99;51,05;14,01;0;;;
2019.12.19;48,16;42,37;50,96;13,66;0;;;
2019.12.20;47,10;40,74;49,68;13,68;0,01;;;
2019.12.21;43,76;30,41;48,04;14,7;0,13;;;
2019.12.22;33,05;19,50;48,07;17;0,24;;;
2019.12.23;38,72;6,84;49,41;16,55;1,58;;;
2019.12.24;46,45;30,38;50,62;13,45;4,05;;;
2019.12.25;43,56;26,21;49,16;12,62;1,29;;;
2019.12.26;42,80;26,06;49,49;12,22;1,08;;;
2019.12.27;42,15;23,33;50,13;12,25;0,41;;;
2019.12.28;44,71;30,08;49,75;11,1;0,39;;;
2019.12.29;35,62;18,32;47,33;11,29;0,76;;;
2019.12.30;37,66;6,77;49,46;12;2,99;;;
2019.12.31;41,33;16,73;50,33;11,59;0,46;;;
2020.01.01;42,50;26,93;47,31;12,59;0,45;;;
2020.01.02;44,89;26,93;49,60;11,06;0,72;;;
2020.01.03;46,66;27,74;51,43;10,77;1,12;;;
2020.01.04;49,15;39,14;51,81;10,53;0,49;;;
2020.01.05;44,87;27,03;49,52;10,89;0,42;;;
2020.01.06;44,26;26,15;50,83;11,96;2,73;;;
2020.01.07;45,47;26,61;50,55;11,57;4,17;;;
2020.01.08;47,96;37,21;51,52;10,93;0,64;;;
2020.01.09;48,01;34,07;51,99;11,2;0,07;;;
2020.01.10;50,24;39,80;53,27;10,55;0,02;;;
2020.01.11;49,39;42,94;51,88;9,65;0;;;
2020.01.12;47,60;38,87;50,71;11,25;0,15;;;
2020.01.13;48,40;36,57;52,85;12,2;0,01;;;
2020.01.14;50,02;38,33;52,90;11,32;0,03;;;
2020.01.15;49,69;42,78;51,95;12,13;0;;;
2020.01.16;48,31;37,36;51,22;11,83;0,12;;;
2020.01.17;47,45;34,42;51,24;11,37;0,25;;;
2020.01.18;48,08;42,23;50,81;10,85;0,08;;;
2020.01.19;45,49;27,86;51,46;10,61;0,26;;;
2020.01.20;48,28;34,99;52,05;9,64;0,59;;;
2020.01.21;48,53;37,19;51,95;10,8;0,19;;;
2020.01.22;49,14;37,91;52,32;10,07;0;;;
2020.01.23;48,94;42,01;51,54;9,9;0,49;;;
2020.01.24;48,88;31,93;52,37;8,94;0,19;;;
2020.01.25;48,92;41,94;51,42;8,77;0;;;
2020.01.26;46,95;30,51;51,57;10,3;0,01;;;
2020.01.27;48,93;37,76;51,60;11,25;0,45;;;
2020.01.28;48,92;35,92;51,97;12,1;0,41;;;
2020.01.29;48,70;39,86;51,68;13,02;0,37;;;
2020.01.30;49,27;38,14;52,59;13,03;1,08;;;
2020.01.31;48,03;37,74;51,16;11,54;1,34;;;
2020.02.01;46,74;37,81;50,47;11,93;0,14;;;
2020.02.02;43,52;30,25;50,17;12,56;0,03;;;
2020.02.03;47,31;37,81;50,67;14,78;0,33;;;
2020.02.04;47,56;34,94;51,19;13,96;0,4;;;
2020.02.05;45,58;36,05;49,79;16,88;0,96;;;
2020.02.06;47,39;30,32;53,05;15,78;1,7;;;
2020.02.07;46,38;30,36;52,42;12,69;0,81;;;
2020.02.08;44,73;27,40;51,55;8,42;0,55;;;
2020.02.09;44,45;30,45;52,12;5,05;0,24;;;
2020.02.10;47,44;30,45;52,00;6,19;0,06;;;
2020.02.11;46,42;30,35;51,08;12,23;0,31;;;
2020.02.12;48,66;30,41;55,63;12,7;0,74;;;
2020.02.13;48,39;30,34;52,53;12,99;0,57;;;
2020.02.14;47,73;36,45;50,99;11,43;0,27;;;
2020.02.15;46,52;38,03;50,66;10,86;0,66;;;
2020.02.16;30,93;6,53;50,96;12,84;0,19;;;
2020.02.17;42,81;25,79;50,97;13,05;0,11;;;
2020.02.18;48,28;32,37;51,62;12,98;0,02;;;
2020.02.19;49,24;41,44;52,50;14,83;0,33;;;
2020.02.20;48,46;39,44;51,79;13,68;0,45;;;
2020.02.21;46,67;30,39;50,91;13,1;1,67;;;
2020.02.22;45,52;33,37;49,73;12,46;0,99;;;
2020.02.23;38,72;27,97;51,92;12,6;0,48;;;
2020.02.24;45,96;33,27;52,03;14,64;0,18;;;
2020.02.25;46,14;33,03;51,54;14,33;0,05;;;
2020.02.26;41,78;27,74;50,43;14,88;0,01;;;
2020.02.27;38,48;19,35;48,93;17,33;0,68;;;
2020.02.28;44,27;31,83;49,79;15,69;0,24;;;
2020.02.29;43,10;29,26;48,49;14,03;1,17;;;
2020.03.01;36,97;24,87;50,28;13,65;0,49;;;
2020.03.02;40,42;28,72;50,59;13,6;0;;;
2020.03.03;40,20;26,93;48,90;15,72;0;;;
2020.03.04;41,64;29,14;48,80;16,95;0,16;;;
2020.03.05;40,84;29,48;49,25;18,72;0,99;;;
2020.03.06;42,19;29,39;49,19;17,48;0,27;;;
2020.03.07;32,40;11,86;48,52;16,7;0,01;;;
2020.03.08;18,85;0,22;46,75;18,75;0;;;
2020.03.09;37,62;24,20;47,89;18,78;0,47;;;
2020.03.10;35,14;15,31;48,57;19,68;0,67;;;
2020.03.11;44,54;31,48;49,21;16,83;0,07;;;
2020.03.12;36,32;26,04;47,44;21,45;0,07;;;
2020.03.13;32,63;12,74;47,08;19,82;1,12;;;
2020.03.14;38,19;23,38;47,62;18,81;0,2;;;
2020.03.15;19,34;4,24;42,95;17,62;0,35;;;
2020.03.16;30,18;2,50;45,96;17,14;0,98;;;
2020.03.17;33,53;10,48;45,28;14,01;1,18;;;
2020.03.18;39,98;22,04;46,23;12,24;1,82;;;
2020.03.19;38,61;23,97;46,49;10,67;0,51;;;
2020.03.20;43,23;28,32;47,11;11,99;0,43;;;
2020.03.21;41,99;28,65;48,80;12,98;0,02;;;
2020.03.22;22,15;0,72;46,28;13,61;0,01;;;
2020.03.23;39,03;14,33;47,61;14,68;0,19;;;
2020.03.24;37,55;26,68;46,15;17,77;0,16;;;
2020.03.25;26,72;0,63;45,90;17,19;0,27;;;
2020.03.26;32,05;9,33;46,51;18;0,21;;;
2020.03.27;33,05;14,20;45,92;18,21;0,82;;;
2020.03.28;36,06;14,10;46,26;15,77;0,59;;;
2020.03.29;29,20;1,41;46,45;15,11;0,61;;;
2020.03.30;38,05;26,78;47,24;15,06;0,2;;;
2020.03.31;28,45;9,64;44,80;16,81;0,26;;;
2020.04.01;18,53;0,14;44,91;16,66;1,02;;;
2020.04.02;25,12;2,74;44,22;16,52;0,82;;;
2020.04.03;36,16;22,71;45,90;16,4;0,83;;;
2020.04.04;26,45;6,92;44,30;16,95;0,71;;;
2020.04.05;6,98;0,00;38,34;20,7;0,62;;;
2020.04.06;19,99;0,14;42,63;18,38;0,27;;;
2020.04.07;12,15;0,25;34,05;17,64;0,26;;;
2020.04.08;10,12;0,14;37,68;17,38;0,45;;;
2020.04.09;24,60;3,39;43,51;16,24;0,37;;;
2020.04.10;22,24;4,78;43,96;15,72;0,44;;;
2020.04.11;16,13;0,68;43,77;17,83;0,12;;;
2020.04.12;3,62;0,00;27,99;17,25;0;;;
2020.04.13;26,97;5,66;45,27;17,65;0;;;
2020.04.14;29,26;6,22;44,15;18,88;0,01;;;
2020.04.15;28,20;19,86;40,28;18,26;0,45;;;
2020.04.16;24,73;1,87;43,61;19,06;0,02;;;
2020.04.17;29,69;21,79;43,76;20,7;0;;;
2020.04.18;26,22;1,91;44,00;21,13;0;;;
2020.04.19;23,61;0,40;43,40;20,73;0,12;;;
2020.04.20;29,73;21,86;43,41;20,8;0,16;;;
2020.04.21;27,66;12,76;42,84;20,96;0,17;;;
2020.04.22;19,47;1,32;39,40;19,48;0,22;;;
2020.04.23;8,23;0,00;39,34;19,37;0,2;;;
2020.04.24;27,19;1,88;43,61;18,3;0,74;;;
2020.04.25;34,10;13,27;43,64;17,48;1,3;;;
2020.04.26;21,74;0,13;43,00;17,68;0,09;;;
2020.04.27;37,62;27,20;43,67;19,3;0,02;;;
2020.04.28;39,59;27,71;43,72;19,45;0;;;
2020.04.29;37,60;26,54;42,78;20,4;0;;;
2020.04.30;36,52;26,66;42,63;20,17;0,46;;;
2020.05.02;21,21;0,66;42,37;19,9;0,26;;;
2020.05.03;18,59;0,39;41,46;18,75;0,61;;;
2020.05.04;24,96;0,40;40,71;18,56;1,12;;;
2020.05.05;33,27;19,50;41,62;19,54;0,3;;;
2020.05.06;25,88;5,00;41,70;20,09;0,63;;;
2020.05.07;24,79;6,48;41,51;20,43;0,73;;;
2020.05.08;21,44;3,41;38,57;19,83;0,23;;;
2020.05.09;13,10;0,00;37,54;21,55;0,21;;;
2020.05.10;21,62;0,00;41,84;21,4;0;;;
2020.05.11;21,04;1,55;40,77;22,03;0;;;
2020.05.12;24,37;2,61;42,67;24,19;0;;;
2020.05.13;33,95;19,74;43,10;24,28;0;;;
2020.05.14;38,75;29,00;42,94;25,76;0;;;
2020.05.15;35,99;26,24;44,36;29,29;0;;;
2020.05.16;34,08;12,05;44,35;30,63;0;;;
2020.05.17;28,75;0,67;44,60;32,07;0;;;
2020.05.18;38,95;20,08;44,19;31,93;0;;;
2020.05.19;35,05;13,46;44,57;31,37;0;;;
2020.05.20;40,74;26,05;45,19;30,66;0;;;
2020.05.21;39,01;30,68;43,59;29,68;0,09;;;
2020.05.22;31,71;12,39;43,36;26,41;1,02;;;
2020.05.23;17,22;0,13;43,30;23,33;0,27;;;
2020.05.24;3,35;0,00;33,68;20,9;0,26;;;
2020.05.25;14,09;0,01;43,65;23,22;0,31;;;
2020.05.26;8,97;0,00;40,35;23,13;0,35;;;
2020.05.27;33,60;9,33;43,95;25,13;1,01;;;
2020.05.28;30,11;14,76;43,12;25,25;0,52;;;
2020.05.29;34,30;26,57;43,21;21,88;0,44;;;
2020.05.30;29,85;19,71;42,79;21,3;0,14;;;
2020.05.31;24,26;3,29;42,23;22,03;0,04;;;
2020.06.01;36,28;26,94;42,35;23,82;0,95;;;
2020.06.02;39,10;26,93;43,37;23,75;0,26;;;
2020.06.03;39,24;30,16;42,80;22,35;0,38;;;
2020.06.04;40,53;28,99;43,48;22,05;0,08;;;
2020.06.05;37,01;27,55;43,03;25,68;0;;;
2020.06.06;35,26;25,86;42,13;28,15;0;;;
2020.06.07;32,75;13,03;42,90;31,1;0;;;
2020.06.08;38,64;27,36;42,82;31,29;0,03;;;
2020.06.09;40,71;27,42;43,69;30,39;0;;;
2020.06.10;40,23;27,32;43,29;32,34;0,06;;;
2020.06.11;39,84;26,67;42,20;25,75;0,2;;;
2020.06.12;37,80;25,84;41,84;25,35;0,46;;;
2020.06.13;37,35;25,90;42,00;24,46;0,68;;;
2020.06.14;32,94;19,42;42,53;26,6;0,22;;;
2020.06.15;37,07;26,92;42,30;27,81;0,59;;;
2020.06.16;39,44;26,95;42,38;30,43;0,02;;;
2020.06.17;40,01;28,92;42,50;28,92;0,08;;;
2020.06.18;40,41;31,03;42,38;28,69;0,73;;;
2020.06.19;38,12;29,66;42,15;27,66;0,64;;;
2020.06.20;36,78;19,51;42,28;28,09;2,64;;;
2020.06.21;32,29;19,51;42,30;26,6;0,06;;;
2020.06.22;38,75;26,01;42,58;28,05;0,1;;;
2020.06.23;41,07;29,72;42,94;26,93;2,27;;;
2020.06.24;39,29;29,32;42,14;27,83;0,17;;;
2020.06.25;39,02;25,87;42,10;32,02;0;;;
2020.06.26;37,62;26,70;42,30;32,25;0;;;
2020.06.27;36,92;26,02;42,13;29,84;0;;;
2020.06.28;32,39;16,80;42,70;32,96;0;;;
2020.06.29;40,13;26,02;43,14;32,37;0;;;
2020.06.30;40,66;27,17;42,47;31,02;0;;;
2020.07.01;41,71;27,37;43,30;31,5;0;;;
2020.07.02;38,85;25,96;41,87;31,75;0;;;
2020.07.03;40,92;37,87;42,74;33,39;0;;;
2020.07.04;39,76;30,93;40,83;34,28;0;;;
2020.07.05;33,46;22,64;39,82;34,56;0;;;
2020.07.06;37,71;21,39;42,47;33,76;0;;;
2020.07.07;39,48;28,60;45,02;34,02;0,04;;;
2020.07.08;39,22;25,80;41,46;32,1;0,58;;;
2020.07.09;37,20;25,49;40,93;32,98;0;;;
2020.07.10;36,20;25,60;39,36;34,15;0;;;
2020.07.11;35,30;24,74;39,50;32,85;0;;;
2020.07.12;33,73;25,41;39,57;33,33;0;;;
2020.07.13;37,32;18,09;40,12;31,66;0,28;;;
2020.07.14;36,08;24,91;39,81;31,75;0,05;;;
2020.07.15;37,45;25,23;40,42;34,29;0;;;
2020.07.16;39,00;28,24;41,63;33,34;0,05;;;
2020.07.17;38,72;25,35;40,87;31,78;0,16;;;
2020.07.18;37,78;24,82;40,35;30,34;0;;;
2020.07.19;37,22;24,91;40,81;33,14;0;;;
2020.07.20;39,95;31,88;42,72;33,52;0,01;;;
2020.07.21;37,89;25,20;40,22;31,94;0;;;
2020.07.22;38,73;25,72;41,11;35,03;0;;;
2020.07.23;38,33;27,96;40,98;34,35;0;;;
2020.07.24;39,75;30,87;44,17;34,83;0;;;
2020.07.25;36,71;24,31;39,34;32,24;0;;;
2020.07.26;36,47;25,13;40,08;32,7;0;;;
2020.07.27;39,73;28,77;44,03;34,4;0;;;
2020.07.28;38,50;28,92;40,29;37,45;0;;;
2020.07.29;38,68;28,66;43,06;35;0;;;
2020.07.30;35,28;25,79;38,16;35,24;0;;;
2020.07.31;34,10;23,92;39,76;33,92;0;;;
2020.08.01;36,14;28,28;38,91;35,78;0,01;;;
2020.08.02;32,87;23,88;37,76;35,78;;;;
2020.08.03;34,56;23,06;38,74;33,45;0;;;
2020.08.04;37,75;24,02;45,20;31,47;0,01;;;
2020.08.05;36,58;24,15;39,11;33,88;0;;;
2020.08.06;37,79;27,09;41,88;34,94;0;;;
2020.08.07;37,13;31,45;40,77;33,84;0;;;
2020.08.08;36,16;32,74;36,89;33,94;0,02;;;
2020.08.09;33,87;22,81;36,08;29,69;0,24;;;
2020.08.10;34,77;23,52;37,17;29,57;0,11;;;
2020.08.11;36,02;26,07;43,00;29,88;0,36;;;
2020.08.12;35,21;26,27;37,13;32,22;0;;;
2020.08.13;34,74;26,06;36,42;31,7;0,01;;;
2020.08.14;33,98;25,85;36,07;32,05;0;;;
2020.08.15;33,14;22,95;35,57;31,45;0;;;
2020.08.16;32,63;25,24;35,17;32,05;0;;;
2020.08.17;32,76;22,70;35,58;29,73;0;;;
2020.08.18;33,37;25,59;35,53;30,52;0;;;
2020.08.19;35,03;32,94;38,40;29,48;0;;;
2020.08.20;34,87;33,04;36,03;29,51;0,01;;;
2020.08.21;33,90;27,78;35,39;30,79;0,01;;;
2020.08.22;33,43;23,28;35,60;31,86;0,01;;;
2020.08.23;32,97;26,06;35,78;30,78;0;;;
2020.08.24;33,90;23,28;36,96;29,9;0;;;
2020.08.25;35,16;28,35;38,82;30,18;0;;;
2020.08.26;36,02;33,20;40,07;31,88;0,03;;;
2020.08.27;36,26;28,83;41,52;29,27;0;;;
2020.08.28;36,05;28,57;42,18;30,04;0;;;
2020.08.29;34,80;27,99;36,68;33,05;0;;;
2020.08.30;33,19;25,93;35,77;34,21;0;;;
2020.08.31;34,66;25,74;37,85;33,52;0;;;
2020.09.01;36,69;33,04;45,57;32,75;0;;;
2020.09.02;38,33;33,41;49,32;32,68;0;;;
2020.09.03;38,53;33,72;49,09;33,91;0;;;
2020.09.04;35,13;33,75;35,93;33,21;0,18;;;
2020.09.05;32,88;25,23;35,66;32,36;0,69;;;
2020.09.06;31,80;22,53;35,22;30,45;0,01;;;
2020.09.07;39,27;22,67;90,69;30,1;0;;;
2020.09.08;;;;30,71;0;;;
2020.09.09;;;;31,93;0;;;
2020.09.10;;;;31,68;0;;;
2020.09.11;;;;31,44;0;;;
2020.09.12;;;;33,17;0,02;;;
2020.09.13;;;;33,36;0,09;;;
2020.09.14;;;;29,5;0;;;
2020.09.15;;;;29,53;0;;;
2020.09.16;33,84;22,47;40,33;29,48;0;;;
2020.09.17;44,76;32,59;110,36;29,54;0;;;
2020.09.18;34,70;32,57;37,62;29,65;0,01;;;
2020.09.19;32,07;22,32;34,27;29,75;0,02;;;
2020.09.21;32,24;24,55;36,27;28,05;0;;;
2020.09.22;33,10;25,89;35,62;28,43;0;;;
2020.09.23;34,75;32,49;38,95;28,65;0;;;
2020.09.24;36,05;32,58;44,60;28,42;0,1;;;
2020.09.25;37,18;33,03;49,68;27,55;0,14;;;
2020.09.26;32,47;25,29;34,83;26,91;0,03;;;
2020.09.27;31,13;23,41;36,06;27,96;0,02;;;
2020.09.28;39,80;27,62;67,64;29,15;0;;;
2020.09.29;35,99;27,18;57,65;29,91;0,32;;;
2020.09.30;36,42;31,94;45,94;28,15;0,24;;;
2020.10.01;34,07;31,97;40,71;26,75;0,07;;;
2020.10.02;37,14;32,41;55,18;25,64;0;;;
2020.10.03;33,98;32,30;41,31;26,01;0;;;
2020.10.04;31,50;24,20;35,80;26,32;0;;;
2020.10.05;40,38;24,43;77,10;26,92;0;;;
2020.10.06;48,07;31,93;92,78;26,88;0;;;
2020.10.07;44,68;32,49;61,45;27,29;0;;;
2020.10.08;39,05;31,40;59,21;28,06;0,76;;;
2020.10.09;37,80;31,46;56,87;29,81;0,83;;;
2020.10.10;32,82;31,23;38,58;29,7;0,06;;;
2020.10.11;31,15;26,67;34,17;26,54;0;;;
2020.10.12;36,99;27,57;60,03;25,87;0;;;
2020.10.13;31,81;26,29;34,23;25,69;0,51;;;
2020.10.14;33,26;26,19;47,83;25,41;0,11;;;
2020.10.15;39,84;31,65;60,32;26,21;0;;;
2020.10.16;34,46;28,76;46,79;25,47;0;;;
2020.10.17;31,09;24,09;34,15;24,88;0,11;;;
2020.10.18;30,40;24,01;33,98;25,16;0,57;;;
2020.10.19;30,41;21,44;33,40;25,2;0,81;;;
2020.10.20;30,69;24,18;33,52;25,19;0,17;;;
2020.10.21;30,96;24,07;34,82;25,79;0,13;;;
2020.10.22;31,68;24,15;35,30;25,82;0;;;
2020.10.23;33,21;26,35;42,42;26,31;0;;;
2020.10.29;29,74;24,04;33,55;24,64;0,4;;;
2020.10.30;37,12;30,95;57,79;23,72;0,99;;;
2020.10.31;30,59;23,79;33,05;23,63;0,51;;;
2020.11.01;29,08;15,70;32,89;23,48;0,88;;;
2020.11.02;29,78;23,48;33,28;22,33;0,17;;;
2020.11.03;30,60;24,63;34,19;21,22;0,27;;;
2020.11.04;28,86;23,64;31,70;19,21;1,72;;;
2020.11.05;29,08;24,43;32,20;20,32;1,57;;;
2020.11.06;27,95;24,12;31,63;21,2;0,17;;;
2020.11.07;26,95;23,67;30,97;20,18;0,01;;;
2020.11.08;25,25;14,78;30,91;20,83;0;;;
2020.11.09;28,58;23,71;31,93;21,69;0;;;
2020.11.10;29,87;25,26;33,16;21,29;0,03;;;
2020.11.11;29,22;23,10;32,86;20,38;0;;;
2020.11.12;31,22;25,32;35,16;19,38;0;;;
2020.11.13;33,67;25,43;36,64;18,45;0,08;;;
2020.11.14;31,49;24,71;35,01;19,03;0,39;;;
2020.11.15;30,71;24,64;35,46;18,58;0,65;;;
2020.11.16;34,63;23,96;58,05;17,19;0;;;
2020.11.17;36,90;29,43;54,50;17,52;0;;;
2020.11.18;34,22;26,61;36,85;17,73;0,14;;;
2020.11.19;31,49;23,96;36,12;17,95;0,78;;;
2020.11.20;32,38;24,53;36,90;16,84;0,31;;;
2020.11.21;32,38;24,87;36,28;17,72;0,03;;;
2020.11.22;29,31;24,23;35,71;16,63;0;;;
2020.11.23;34,93;24,20;60,79;15,35;0;;;
2020.11.24;33,73;26,45;36,22;15,34;0,02;;;
2020.11.25;30,48;23,06;34,91;16,41;0,1;;;
2020.11.26;31,09;22,97;35,38;15,88;0,59;;;
2020.11.27;36,66;25,03;60,29;14,68;0;;;
2020.11.28;35,45;33,26;53,60;17,26;0;;;
2020.11.29;30,50;21,43;35,92;15,9;0,01;;;
2020.11.30;32,16;24,12;36,30;15,09;0,2;;;
2020.12.01;31,32;25,23;35,73;15,34;0,48;;;
2020.12.02;33,52;24,97;53,12;16,15;0,04;;;
2020.12.03;33,07;24,67;42,30;16,63;0,2;;;
2020.12.04;31,58;24,31;42,09;16,38;1,11;;;
2020.12.05;31,93;26,37;35,84;16,56;0,07;;;
2020.12.06;30,19;23,72;35,21;15,37;0;;;
2020.12.07;30,98;24,29;35,47;15,14;0,4;;;
2020.12.08;33,27;26,30;44,70;16,2;0,27;;;
2020.12.09;32,22;24,03;35,78;14,9;0,91;;;
2020.12.10;30,50;24,03;34,43;15,01;0,78;;;
2020.12.11;30,14;23,77;34,69;14,86;0,52;;;
2020.12.12;28,80;23,72;33,56;15;1,69;;;
2020.12.13;28,08;15,68;33,57;16,43;2,44;;;
2020.12.14;29,56;24,04;34,03;16,75;2,16;;;
2020.12.15;30,17;24,02;34,13;15,38;1,49;;;
2020.12.16;30,24;24,13;34,35;15,88;0,07;;;
2020.12.17;31,89;23,91;35,39;16,08;0;;;
2020.12.18;31,04;25,31;34,60;14,03;0,02;;;
2020.12.19;30,66;25,11;34,61;14,05;0,1;;;
2020.12.20;30,22;18,09;34,32;13,29;0,04;;;
2020.12.21;31,65;24,08;35,51;13,5;0,04;;;
2020.12.22;32,95;25,13;35,97;14,18;0,53;;;
2020.12.23;34,60;25,72;60,54;13,01;0,31;;;
2020.12.24;32,91;24,31;36,99;12,95;0,2;;;
2020.12.25;31,13;24,35;35,28;13,01;0,08;;;
2020.12.26;30,90;25,68;35,52;14,91;0,17;;;
2020.12.27;29,94;24,32;35,53;16,24;0,13;;;
2020.12.28;31,38;24,30;35,68;14,8;1,42;;;
2020.12.29;31,69;24,53;36,33;14,57;0,63;;;
2020.12.30;31,76;24,80;36,05;15,2;0;;;
2020.12.31;30,13;26,24;34,91;15,12;0,27;;;
2021.01.01;28,09;22,93;35,45;16,07;0,84;;;
2021.01.02;32,11;26,01;36,65;16,15;0,04;;;
2021.01.03;31,72;26,01;36,55;16,64;0,01;;;
2021.01.04;32,45;26,00;35,89;16,4;0,22;;;
2021.01.05;31,80;26,16;35,85;16,48;3,42;;;
2021.01.06;33,32;27,24;35,71;15,71;0,01;;;
2021.01.07;32,56;27,28;35,45;15,93;0;;;
2021.01.08;32,25;26,00;35,62;16;0;;;
2021.01.09;30,36;26,29;35,56;17,74;0,79;;;
2021.01.10;30,37;22,19;36,03;15,82;0,81;;;
2021.01.11;32,21;25,96;35,99;17,1;0,16;;;
2021.01.12;32,92;26,51;35,53;18,27;1,6;;;
2021.01.13;34,85;26,80;37,89;17,22;0,92;;;
2021.01.14;36,16;34,59;39,35;12,74;0,88;;;
2021.01.15;34,55;26,82;36,76;12,08;0,53;;;
2021.01.16;34,68;30,18;35,74;12,83;1,51;;;
2021.01.17;31,75;20,74;35,82;12,4;1,2;;;
2021.01.18;34,13;26,61;36,88;10,83;0,65;;;
2021.01.19;35,06;30,04;37,26;8,75;1,04;;;
2021.01.20;36,26;34,80;38,59;8,64;0,32;;;
2021.01.21;36,15;34,59;37,97;7,81;0;;;
2021.01.22;35,69;34,73;36,63;10,88;0,04;;;
2021.01.23;32,35;26,40;35,81;11,86;0,16;;;
2021.01.24;30,82;18,85;35,35;13,13;0,75;;;
2021.01.25;31,72;23,28;35,42;14,75;0,9;;;
2021.01.26;32,67;26,37;35,65;15,8;0,32;;;
2021.01.27;33,12;26,17;36,60;14,44;1,88;;;
2021.01.28;36,13;32,46;37,88;11,83;0,47;;;
2021.01.29;34,63;30,69;35,83;9,84;1,3;;;
2021.01.30;32,23;26,30;36,29;9,69;1,54;;;
2021.01.31;30,40;26,24;35,35;11,87;0,57;;;
2021.02.01;30,97;18,09;36,07;16,4;0,95;;;
2021.02.02;33,43;26,81;37,34;16,42;2,9;;;
2021.02.03;34,96;27,70;37,67;17,33;0,07;;;
2021.02.04;34,72;27,04;37,61;17,69;0,01;;;
2021.02.05;34,68;27,84;38,05;16,03;0,01;;;
2021.02.06;32,83;27,73;37,27;14,49;0;;;
2021.02.07;30,15;24,50;36,80;15,23;0;;;
2021.02.08;31,58;23,60;36,67;17,18;0,31;;;
2021.02.09;32,16;27,31;37,13;18,1;0,68;;;
2021.02.10;31,66;23,29;36,49;16,14;0,59;;;
2021.02.11;31,64;27,06;36,65;17,16;0,34;;;
2021.02.12;34,03;27,17;37,86;15,27;0,53;;;
2021.02.13;31,58;27,28;37,28;15,56;0,06;;;
2021.02.14;28,51;19,37;36,52;15,33;0,96;;;
2021.02.15;32,97;17,44;37,72;14,68;0,89;;;
2021.02.16;34,65;27,31;38,23;13,72;0,92;;;
2021.02.17;35,05;26,45;38,84;9,82;0,67;;;
2021.02.18;36,87;28,22;39,72;8,18;0,27;;;
2021.02.19;37,38;33,24;38,54;9,83;0,14;;;
2021.02.20;37,12;34,29;38,68;9,13;0;;;
2021.02.21;31,85;17,76;37,95;8,69;0;;;
2021.02.22;35,44;28,13;38,13;11,1;0;;;
2021.02.23;37,00;36,06;37,91;12,6;0;;;
2021.02.24;35,42;27,79;37,62;16,68;0,01;;;
2021.02.25;32,13;25,15;36,71;15,77;0;;;
2021.02.26;35,11;28,76;36,87;14,49;0;;;
2021.02.27;32,97;27,72;36,52;14,51;0;;;
2021.02.28;29,47;5,55;35,78;14,78;0,31;;;
2021.03.01;33,39;25,50;36,31;15,08;0,06;;;
2021.03.02;34,47;26,38;37,04;14,06;0,53;;;
2021.03.03;34,48;29,72;36,55;14,18;0,13;;;
2021.03.04;36,21;33,70;38,00;14,83;0,24;;;
2021.03.05;35,01;29,68;36,08;14,53;0;;;
2021.03.06;33,68;26,28;36,26;14,71;0,37;;;
2021.03.07;32,70;25,64;36,88;15,21;0,12;;;
2021.03.08;36,49;33,55;40,42;15,15;0,44;;;
2021.03.09;35,77;34,61;36,84;15,57;0,03;;;
2021.03.10;36,24;34,85;38,45;16,93;0,14;;;
2021.03.11;36,10;34,71;37,50;17,5;1,22;;;
2021.03.12;37,81;32,24;56,16;14,34;0,16;;;
2021.03.13;36,31;35,35;39,80;13,48;0;;;
2021.03.14;34,81;29,42;37,17;14,69;0,08;;;
2021.03.15;35,13;28,10;39,64;14,68;0,44;;;
2021.03.16;34,50;26,83;37,19;14,89;0,47;;;
2021.03.17;37,43;33,76;50,36;13,66;0,68;;;
2021.03.18;37,15;29,61;52,46;13,44;0,47;;;
2021.03.19;42,15;35,75;64,88;13,81;2,39;;;
2021.03.20;36,54;29,43;38,79;14,75;0,67;;;
2021.03.21;32,64;27,47;38,72;16,48;0,62;;;
2021.03.22;34,02;27,53;37,80;17,94;0,28;;;
2021.03.23;31,21;23,19;35,54;17,18;1,62;;;
2021.03.24;32,06;25,39;35,85;15,54;0,97;;;
2021.03.25;31,02;25,22;34,34;13,11;0,48;;;
2021.03.26;31,96;23,84;35,17;11,05;0,78;;;
2021.03.27;32,59;23,80;34,90;12,17;0,02;;;
2021.03.28;28,52;15,87;34,05;12,52;0;;;
2021.03.29;31,74;23,78;34,77;13,8;0,11;;;
2021.03.30;32,69;28,00;33,81;15,78;0,15;;;
2021.03.31;30,01;24,42;32,82;17,9;0,29;;;
2021.04.01;31,18;24,11;34,42;15,54;0,5;;;
2021.04.02;33,80;30,09;35,31;13,28;0,56;;;
2021.04.03;29,48;15,64;33,63;15,02;0,03;;;
2021.04.04;23,98;1,61;33,12;17,5;0,37;;;
2021.04.05;31,48;20,85;34,93;19,07;1,57;;;
2021.04.06;32,40;26,07;33,73;19,98;0,15;;;
2021.04.07;29,70;23,94;34,16;20,89;0,05;;;
2021.04.08;29,93;23,72;32,48;19,98;0,71;;;
2021.04.09;28,80;20,66;32,68;17,38;0,49;;;
2021.04.10;29,02;20,64;32,97;14,6;1,14;;;
2021.04.11;29,29;10,42;34,05;13,34;0,5;;;
2021.04.12;32,80;23,46;34,53;13,95;0,36;;;
2021.04.13;33,53;32,47;34,50;14,29;0,04;;;
2021.04.14;31,06;23,74;33,79;16,21;0,12;;;
2021.04.15;33,68;32,60;34,93;17,25;0,21;;;
2021.04.16;33,30;32,54;34,24;19;0,19;;;
2021.04.17;32,39;24,02;33,74;21,77;0,18;;;
2021.04.18;29,00;13,85;33,85;24,1;0,15;;;
2021.04.19;32,86;24,93;33,96;25,66;0,89;;;
2021.04.20;32,58;24,81;33,85;23,16;0,16;;;
2021.04.21;32,55;31,73;33,27;24,64;0,12;;;
2021.04.22;32,62;31,87;33,19;19,29;0;;;
2021.04.23;31,92;26,02;33,53;22,05;0,01;;;
2021.04.24;30,81;11,92;44,72;23,19;0,13;;;
2021.04.25;27,99;9,94;39,25;23,44;0,27;;;
2021.04.26;31,42;4,97;37,73;24,73;0,34;;;
2021.04.27;38,06;31,89;56,46;23,52;0;;;
2021.04.28;34,17;31,79;40,33;23,33;0,02;;;
2021.04.29;43,21;36,05;57,46;26,48;0,01;;;
2021.04.30;35,89;35,27;37,79;24,62;0,17;;;
2021.05.01;32,56;20,05;37,72;24,69;0;;;
2021.05.02;33,65;11,48;47,11;26,51;0;;;
2021.05.03;37,51;28,20;50,11;26,65;0;;;
2021.05.04;35,05;27,07;37,04;24,24;0,22;;;
2021.05.05;38,72;28,45;52,84;23,52;0;;;
2021.05.06;39,74;34,11;48,91;22,52;0,17;;;
2021.05.07;37,84;30,25;50,25;23,59;0,02;;;
2021.05.08;35,90;32,79;37,46;25,45;0,18;;;
2021.05.09;28,24;12,00;37,56;24,9;0,03;;;
2021.05.10;34,69;14,90;49,99;23,96;0;;;
2021.05.11;33,80;26,97;37,22;22,38;0;;;
2021.05.12;34,80;24,80;44,64;22,33;0;;;
2021.05.13;29,42;17,19;36,96;24,21;0;;;
2021.05.14;31,70;14,61;56,31;29,39;0;;;
2021.05.15;31,76;16,10;48,94;26,75;0,03;;;
2021.05.16;34,88;17,62;54,47;24,44;0,24;;;
2021.05.17;37,34;33,42;48,94;22,77;0;;;
2021.05.18;40,85;29,51;56,86;23,57;0,17;;;
2021.05.19;37,48;31,90;53,98;25,41;0;;;
2021.05.20;38,89;26,32;54,98;26,48;0;;;
2021.05.21;35,48;29,23;37,03;31,3;1,18;;;
2021.05.22;35,93;33,83;41,60;28,52;0,69;;;
2021.05.23;32,94;22,03;36,25;24,91;0,11;;;
2021.05.24;36,54;31,78;46,01;26,09;0;;;
2021.05.25;35,87;29,63;40,52;27,98;0;;;
2021.05.26;35,25;29,08;39,24;28,1;0;;;
2021.05.27;37,27;26,62;45,97;27,96;0,1;;;
2021.05.28;37,09;33,19;43,70;26,49;0,13;;;
2021.05.29;35,85;33,11;45,49;27,35;0,66;;;
2021.05.30;35,41;31,13;50,96;25;0,09;;;
2021.05.31;36,77;30,57;43,10;26,11;0,65;;;
2021.06.01;37,10;31,33;45,31;28,32;0,94;;;
2021.06.02;35,19;30,71;38,40;24,3;0,5;;;
2021.06.03;34,34;31,06;36,31;25,04;0,26;;;
2021.06.04;33,97;32,18;35,86;24,58;0,23;;;
2021.06.05;33,18;28,42;38,03;26,69;0;;;
2021.06.06;32,68;23,58;38,03;24,99;0;;;
2021.06.07;35,66;32,39;42,78;26,14;0,02;;;
2021.06.08;35,42;32,37;38,13;26,52;0,24;;;
2021.06.09;35,63;29,89;38,22;26,2;0,43;;;
2021.06.10;35,46;28,72;38,70;26,25;0,19;;;
2021.06.11;36,86;31,95;40,69;25,52;0,23;;;
2021.06.12;37,55;29,32;44,13;27,09;0,42;;;
2021.06.13;34,54;23,05;49,03;26,84;0,15;;;
2021.06.14;37,07;26,97;44,13;27,73;0,83;;;
2021.06.15;37,31;29,80;44,29;28,17;0,35;;;
2021.06.16;35,82;28,96;39,58;27,05;0,51;;;
2021.06.17;36,74;28,87;44,88;26,19;0,17;;;
2021.06.18;36,94;29,01;43,15;30,59;0,18;;;
2021.06.19;37,21;30,94;53,16;28,82;0,58;;;
2021.06.20;35,01;28,03;42,43;28,83;0,19;;;
2021.06.21;40,57;27,95;54,61;28,9;0,37;;;
2021.06.22;40,38;31,11;53,56;30,98;0,14;;;
2021.06.23;43,76;31,42;55,86;28,93;0,34;;;
2021.06.24;46,62;33,12;56,63;29,23;0,06;;;
2021.06.25;43,81;28,78;56,36;30,89;0,01;;;
2021.06.26;45,27;33,14;57,27;31,73;0,3;;;
2021.06.27;40,57;32,76;57,27;32,13;0,03;;;
2021.06.28;48,44;31,27;57,27;33,23;0,01;;;
2021.06.29;48,62;33,52;57,14;32,29;0;;;
2021.06.30;50,56;33,67;57,43;33,95;0;;;
2021.07.01;55,38;35,98;59,78;34,58;0;;;
2021.07.02;55,44;35,46;59,72;33,1;0,08;;;
2021.07.03;51,07;34,35;60,03;;;;;
2021.07.04;49,55;34,35;60,03;;;;;
2021.07.05;54,05;35,26;60,03;;;;;
2021.07.06;56,78;36,43;59,97;;;;;
2021.07.07;54,93;35,89;60,19;;;;;
2021.07.08;51,45;34,26;60,15;;;;;
2021.07.09;45,82;33,78;57,93;;;;;
2021.07.10;46,07;34,52;60,04;;;;;
2021.07.11;42,51;34,74;60,04;31,14;0;;;
2021.07.12;52,78;35,08;60,04;31,01;0;;;
2021.07.13;51,68;34,44;60,27;31,58;0;;;
2021.07.14;51,49;35,55;60,65;34,88;0,01;;;
2021.07.15;46,73;35,11;60,80;33,87;0;;;
2021.07.16;54,17;36,43;61,05;33,67;0;;;
2021.07.17;57,03;36,27;61,38;32,83;0;;;
2021.07.18;50,10;34,84;61,38;34,14;0;;;
2021.07.19;48,02;36,07;61,38;34,66;0;;;
2021.07.20;44,37;34,16;61,00;34,23;0;;;
2021.07.21;47,18;33,85;61,29;31,1;0,08;;;
2021.07.22;40,69;26,52;61,05;31,48;0,84;;;
2021.07.23;42,94;34,31;61,26;34,03;0,31;;;
2021.07.24;49,12;35,08;61,35;32,39;0,03;;;
2021.07.25;44,31;35,63;61,35;32,06;0,19;;;
2021.07.26;54,36;36,53;61,35;34,14;0;;;
2021.07.27;55,65;36,48;61,11;34,44;0;;;
2021.07.28;54,93;36,52;61,05;33,54;0;;;
2021.07.29;55,50;36,75;61,11;34,1;0;;;
2021.07.30;58,04;38,01;61,18;34,58;0;;;
2021.07.31;58,55;37,76;61,71;34,38;0;;;
2021.08.01;55,30;36,49;63,61;34,8;0;;;
2021.08.02;59,46;39,45;63,61;34,38;0;;;
2021.08.03;62,32;45,50;64,13;34,88;0;;;
2021.08.04;62,27;41,53;63,87;35,22;0;;;
2021.08.05;63,21;59,49;63,53;35,84;0;;;
2021.08.06;62,87;62,87;62,87;35,13;0,01;;;
2021.08.07;62,05;46,36;62,73;32,38;1,74;;;
2021.08.08;51,90;36,57;62,73;31,22;0,46;;;
2021.08.09;55,03;36,86;62,73;32,1;0,48;;;
2021.08.10;57,73;39,01;62,55;32,87;0,15;;;
2021.08.11;57,74;37,10;63,09;33,19;0,12;;;
2021.08.12;55,03;36,05;62,68;31,93;0,34;;;
2021.08.13;49,89;34,81;63,25;32,77;0,07;;;
2021.08.14;44,53;35,80;59,61;32,04;0;;;
2021.08.15;43,66;35,37;63,19;31,59;0;;;
2021.08.16;55,74;36,79;63,19;30,62;0;;;
2021.08.17;56,39;37,21;63,78;30,07;0;;;
2021.08.18;60,43;37,62;64,17;29,81;0;;;
2021.08.19;58,32;36,28;64,00;29,97;0,11;;;
2021.08.20;50,20;36,52;63,77;30,47;0,04;;;
2021.08.21;51,00;36,25;63,87;31,67;0;;;
2021.08.22;43,75;27,62;63,87;31,97;0;;;
2021.08.23;49,49;36,98;63,87;32,8;0;;;
2021.08.24;55,41;37,76;64,15;31,31;0;;;
2021.08.25;58,70;37,79;64,35;29,89;0;;;
2021.08.26;60,65;41,04;64,60;30,23;0;;;
2021.08.27;60,71;38,39;64,37;32,65;0;;;
2021.08.28;61,20;38,29;64,37;32,78;0;;;
2021.08.29;51,84;36,62;64,37;32,83;0;;;
2021.08.30;54,77;36,70;64,30;30,59;0,14;;;
2021.08.31;57,96;36,87;64,69;29,22;0;;;
2021.09.01;61,28;38,41;68,79;28,85;0,12;;;
2021.09.02;54,34;37,98;68,82;30,13;0,35;;;
2021.09.03;51,57;37,52;68,38;29,66;0,15;;;
2021.09.04;49,62;37,86;68,38;28,3;0;;;
2021.09.05;50,42;37,46;68,38;28,65;0,01;;;
2021.09.06;50,04;37,68;68,64;28,43;0,03;;;
2021.09.07;52,82;38,40;68,26;28,3;0;;;
2021.09.08;52,19;37,90;67,47;28,63;0,01;;;
2021.09.09;54,25;44,63;67,22;28,91;0,06;;;
2021.09.10;55,58;45,01;67,70;28,6;0,72;;;
2021.09.11;54,18;44,94;67,70;28,24;0,25;;;
2021.09.12;49,67;43,66;67,70;28,06;0,3;;;
2021.09.13;53,85;44,79;67,76;27,33;0,17;;;
2021.09.14;52,27;44,92;67,10;27,08;0,23;;;
2021.09.15;53,08;44,62;67,56;26,32;0,93;;;
2021.09.16;54,12;45,65;67,63;25,1;0,39;;;
2021.09.17;53,36;44,54;66,52;26,76;0;;;
2021.09.18;53,57;44,02;66,52;26,6;0,05;;;
2021.09.19;48,83;43,29;66,52;27,38;0,07;;;
2021.09.20;53,97;44,25;66,40;28,02;0,01;;;
2021.09.21;49,65;39,34;60,93;28,25;0,66;;;
2021.09.22;49,10;42,51;64,03;28,63;0,22;;;
2021.09.23;48,45;42,09;61,49;25,21;0,69;;;
2021.09.24;49,76;40,55;65,06;23,28;0,08;;;
2021.09.25;48,83;42,82;65,06;23,39;0,02;;;
2021.09.26;46,21;41,60;65,06;25,13;0;;;
2021.09.27;51,13;42,67;60,69;25,22;0;;;
2021.09.28;50,36;41,64;65,00;26,38;0;;;
2021.09.29;50,62;42,45;61,07;25,78;0,08;;;
2021.09.30;49,34;29,13;59,23;25,87;0,2;;;
2021.10.01;52,40;42,55;64,99;25,35;0;;;
2021.10.02;56,90;44,74;69,99;26,16;0,05;;;
2021.10.03;52,19;38,99;69,99;26,31;0,05;;;
2021.10.04;59,29;44,54;69,83;24,22;0;;;
2021.10.05;56,51;43,64;69,62;23,82;0,13;;;
2021.10.06;57,26;44,55;69,84;23,18;0;;;
2021.10.07;59,02;42,06;69,98;23,7;0;;;
2021.10.08;62,27;43,82;69,63;25,01;0,1;;;
2021.10.09;64,57;44,20;69,63;26,28;0,12;;;
2021.10.10;56,09;38,79;69,63;25,75;0,08;;;
2021.10.11;62,86;43,45;69,22;25,55;0,08;;;
2021.10.12;60,46;38,45;69,01;24,79;0,48;;;
2021.10.13;62,23;43,05;68,49;24,18;0,56;;;
2021.10.14;64,57;43,84;67,67;24,31;0,01;;;
2021.10.15;57,78;42,08;67,02;24,15;0,68;;;
2021.10.16;57,29;11,67;100,62;23,98;0,93;;;
2021.10.17;57,10;40,59;93,44;22,95;2,44;;;
2021.10.18;75,93;41,48;100,06;23,83;2,03;;;
2021.10.19;52,64;32,26;73,74;22,55;0,02;;;
2021.10.20;70,63;40,88;99,98;22,73;0;;;
2021.10.21;82,22;45,14;98,29;21,5;0;;;
2021.10.22;73,98;42,43;96,40;21,99;0;;;
2021.10.23;81,15;48,41;96,40;22,32;0;;;
2021.10.24;52,41;1,38;95,31;22,17;0,65;;;
2021.10.25;56,87;31,19;96,05;21,92;0;;;
2021.10.26;75,56;36,45;98,23;22,9;0;;;
2021.10.27;78,57;39,48;97,85;22,53;0,01;;;
2021.10.28;70,44;40,82;96,74;21,78;0,04;;;
2021.10.29;54,94;29,18;96,77;20,33;0,3;;;
2021.10.30;56,98;36,18;96,24;21,93;0,21;;;
2021.10.31;57,39;31,42;96,77;22,76;0,92;;;
2021.11.01;70,65;40,83;102,63;20,82;2,52;;;
2021.11.02;76,14;54,37;102,21;21,95;1,52;;;
2021.11.03;86,74;40,12;100,79;20,31;0,24;;;
2021.11.04;78,20;53,36;100,53;20,63;0;;;
2021.11.05;81,46;58,11;101,11;21,59;0;;;
2021.11.06;69,75;58,11;101,11;21,91;0;;;
2021.11.07;64,95;26,82;101,11;22,01;0;;;
2021.11.08;85,70;57,63;100,28;21,44;0;;;
2021.11.09;75,63;35,52;100,44;21,17;0,39;;;
2021.11.10;63,92;44,03;99,59;19,18;0,3;;;
2021.11.11;68,13;48,41;99,56;17,3;0;;;
2021.11.12;79,76;55,27;99,22;17,46;0;;;
2021.11.13;73,53;55,27;99,22;19,04;0;;;
2021.11.14;71,42;52,60;99,22;20,26;0;;;
2021.11.15;74,47;57,23;98,65;19,69;0;;;
2021.11.16;67,60;53,44;97,48;18,25;0;;;
2021.11.17;74,46;55,65;95,36;18,43;0;;;
2021.11.18;74,96;53,62;90,10;18,99;0,02;;;
2021.11.19;68,91;51,90;90,30;18,55;0,2;;;
2021.11.20;61,48;53,76;89,42;16,93;0,61;;;
2021.11.21;61,89;52,07;90,30;17,41;0;;;
2021.11.22;66,63;51,14;89,26;18,18;0,06;;;
2021.11.23;59,85;46,64;80,04;17,41;1,22;;;
2021.11.24;61,33;44,44;83,76;17,81;0,53;;;
2021.11.25;72,94;47,95;83,94;16,8;0,42;;;
2021.11.26;57,35;46,50;82,15;16,59;0,44;;;
2021.11.27;55,85;43,59;76,28;18,59;1,08;;;
2021.11.28;51,13;39,96;65,27;19,46;0,33;;;
2021.11.29;51,62;34,93;76,83;21,13;0,69;;;
2021.11.30;52,56;40,18;75,71;19,65;0,89;;;
2021.12.01;67,28;46,02;80,24;16,68;0,4;;;
2021.12.02;60,14;45,64;79,58;14,03;0,13;;;
2021.12.03;54,46;36,83;77,95;15,15;0,29;;;
2021.12.04;59,96;42,91;77,95;16,08;1,02;;;
2021.12.05;61,07;48,94;77,95;16,44;0,16;;;
2021.12.06;62,31;47,74;78,19;16,53;0,28;;;
2021.12.07;59,39;39,04;79,19;18,05;3,11;;;
2021.12.08;70,37;49,30;78,62;13,98;2,04;;;
2021.12.09;62,52;51,22;77,37;13,53;0,23;;;
2021.12.10;57,23;47,36;76,83;14,63;0,84;;;
2021.12.11;55,95;47,36;74,88;15,98;1,22;;;
2021.12.12;52,28;25,49;76,75;17,51;1,32;;;
2021.12.13;65,37;46,29;75,81;18,03;0,55;;;
2021.12.14;63,75;41,33;75,08;18,88;0,89;;;
2021.12.15;59,14;36,23;73,49;15,41;1,54;;;
2021.12.16;61,58;44,59;69,22;13,2;0,61;;;
2021.12.17;57,92;41,11;63,67;12,91;1,22;;;
2021.12.18;52,49;35,05;63,26;11,98;0,8;;;
2021.12.19;51,12;20,93;63,67;12,78;2,36;;;
2021.12.20;56,12;39,72;60,72;11,04;1,68;;;
2021.12.21;77,44;57,58;82,71;10,63;0,94;;;
2021.12.22;79,81;49,74;86,48;10,02;0,11;;;
2021.12.23;87,78;65,14;96,19;9,14;0,15;;;
2021.12.24;83,02;53,25;91,92;7,6;0,01;;;
2021.12.25;73,13;60,04;91,92;10,4;0,01;;;
2021.12.26;71,31;50,60;91,92;12,63;0,1;;;
2021.12.27;84,02;62,06;95,00;13,51;0,33;;;
2021.12.28;80,38;59,51;91,15;14,01;0,15;;;
2021.12.29;77,73;56,59;85,99;13,3;0,62;;;
2021.12.30;75,77;42,54;85,99;13,72;3,2;;;
2021.12.31;69,18;49,46;85,99;14,87;0,1;;;
2022.01.01;72,58;49,38;91,61;13,99;0,33;;;
2022.01.02;68,54;52,90;89,15;14,78;0,25;;;
2022.01.03;77,51;53,03;89,15;12,12;0;;;
2022.01.04;77,77;59,59;89,15;13,17;0,19;;;
2022.01.05;72,33;52,51;88,29;13,6;0,05;;;
2022.01.06;71,76;58,07;87,31;16,24;0,13;;;
2022.01.07;81,01;59,35;88,99;15,65;0,42;;;
2022.01.08;75,94;51,91;87,28;15,41;3,54;;;
2022.01.09;67,11;53,76;86,49;16,2;1,22;;;
2022.01.10;76,69;53,76;86,49;13,2;2,02;;;
2022.01.11;66,62;46,94;86,17;12,24;2,14;;;
2022.01.12;71,19;51,47;86,53;13,19;1,4;;;
2022.01.13;71,73;44,96;86,39;12,72;1,27;;;
2022.01.14;75,27;46,82;86,27;11,22;0,09;;;
2022.01.15;67,45;51,55;82,06;9,74;0,36;;;
2022.01.16;66,01;51,21;86,89;8;0,13;;;
2022.01.17;72,05;51,35;86,89;6,95;0,03;;;
2022.01.18;75,81;51,15;86,89;7,88;1,97;;;
2022.01.19;74,24;51,44;87,37;5,85;0,99;;;
2022.01.20;73,50;53,59;87,37;5,59;0,19;;;
2022.01.21;79,18;53,62;87,42;7,18;0,7;;;
2022.01.22;88,15;88,15;88,15;10,4;0,82;;;
2022.01.23;87,99;75,71;88,55;7,3;1,25;;;
2022.01.24;84,35;52,67;88,55;5,85;0,58;;;
2022.01.25;75,03;39,50;88,55;6,08;0,63;;;
2022.01.26;76,84;46,20;88,78;7,46;0,55;;;
2022.01.27;88,24;88,24;88,24;8,25;0,59;;;
2022.01.28;88,25;88,25;88,25;7,75;0,05;;;
2022.01.29;88,39;88,39;88,39;7,98;0,28;;;
2022.01.30;88,76;88,76;88,76;9,84;0,49;;;
2022.01.31;88,76;88,76;88,76;9,83;0,6;;;
2022.02.01;100,57;100,57;100,57;10,1;0,4;;;
2022.02.02;89,91;60,13;101,82;12,98;1,47;;;
2022.02.03;88,05;52,88;101,26;14,32;4,42;;;
2022.02.04;89,78;52,48;100,49;10,37;0,42;;;
2022.02.05;99,61;99,61;99,61;10,42;0;;;
2022.02.06;90,20;58,00;98,22;10,77;0,02;;;
2022.02.07;80,16;64,19;98,22;11,11;0,13;;;
2022.02.08;89,44;64,19;98,22;13,44;1,53;;;
2022.02.09;91,35;64,59;98,44;12,68;0,76;;;
2022.02.10;91,82;64,34;98,06;10,53;0,5;;;
2022.02.11;98,31;98,06;98,32;10,84;0,05;;;
2022.02.12;93,12;70,84;98,50;11,83;0;;;
2022.02.13;72,27;55,31;99,17;12,1;0,02;;;
2022.02.14;91,64;65,07;99,17;12,63;0,08;;;
2022.02.15;99,14;98,80;99,17;12,67;0;;;
2022.02.16;99,42;99,23;99,43;12,66;0;;;
2022.02.17;98,78;98,37;98,82;12,17;0;;;
2022.02.18;98,24;96,82;98,37;12,51;0,76;;;
2022.02.19;91,80;64,91;98,56;14,49;0;;;
2022.02.20;82,43;38,77;98,48;13,73;0;;;
2022.02.21;94,70;80,28;98,48;15,62;0,1;;;
2022.02.22;96,49;80,78;98,48;15,3;0,71;;;
2022.02.23;94,88;77,59;98,54;16,21;1,69;;;
2022.02.24;80,47;64,25;96,18;19,59;0,85;;;
2022.02.25;86,80;57,56;97,47;13,73;0,92;;;
2022.02.26;90,76;81,38;95,47;13,4;0,03;;;
2022.02.27;79,04;63,65;93,54;14,44;0,38;;;
2022.02.28;87,60;57,16;97,01;14,7;0,62;;;
2022.03.01;99,63;84,34;111,08;14,1;0,54;;;
2022.03.02;98,55;84,02;112,78;14,07;1,18;;;
2022.03.03;102,64;59,95;112,18;14,59;2,16;;;
2022.03.04;108,92;96,32;112,05;11,48;0,07;;;
2022.03.05;103,40;83,06;111,49;11,68;0,19;;;
2022.03.06;93,98;64,10;108,64;13,11;0,57;;;
2022.03.07;106,52;83,32;111,85;12,76;0,38;;;
2022.03.08;110,75;99,33;111,85;14,33;0,3;;;
2022.03.09;99,91;54,73;112,36;13,39;0,51;;;
2022.03.10;102,21;88,13;110,79;12,24;0,8;;;
2022.03.11;96,83;53,84;109,12;9,85;0,46;;;
2022.03.12;104,04;98,25;107,16;7,81;0,28;;;
2022.03.13;94,91;80,91;106,56;6,65;0,26;;;
2022.03.14;104,34;91,38;106,56;7,09;0,04;;;
2022.03.15;106,56;106,56;106,56;8,57;0,04;;;
2022.03.16;107,96;107,96;107,96;9,65;0,01;;;
2022.03.17;107,54;106,14;107,60;10,6;0,3;;;
2022.03.18;108,21;108,09;108,21;10,57;0,28;;;
2022.03.19;106,24;97,90;107,67;7,8;0,85;;;
2022.03.20;90,16;63,39;106,88;7,24;0,23;;;
2022.03.21;101,03;67,38;106,88;9,69;0,01;;;
2022.03.22;106,88;106,88;106,88;10,76;0,09;;;
2022.03.23;106,62;106,62;106,62;11,16;0,57;;;
2022.03.24;107,23;107,23;107,23;11,68;0,13;;;
2022.03.25;107,07;107,07;107,07;13,22;0,71;;;
2022.03.26;107,17;107,17;107,17;12,75;0,4;;;
2022.03.27;106,97;106,97;106,97;14,08;0,26;;;
2022.03.28;106,97;106,97;106,97;13,23;0;;;
2022.03.29;106,97;106,97;106,97;15,79;0,13;;;
2022.03.30;107,31;107,31;107,31;18,89;0,03;;;
2022.03.31;106,98;106,98;106,98;18,65;0;;;
2022.04.01;108,25;45,99;153,29;23,43;0;;;
2022.04.02;73,66;24,56;153,51;21,46;0,01;;;
2022.04.03;36,90;0,00;154,12;;0,09;;;
2022.04.04;129,86;74,01;154,18;;0,11;;;
2022.04.05;126,65;30,84;154,18;;0,67;;;
2022.04.06;123,93;107,61;154,52;;0;;;
2022.04.07;119,88;62,01;144,30;;0,69;;;
2022.04.08;115,84;74,75;142,58;;0,58;;;
2022.04.09;91,34;31,13;149,51;;0;;;
2022.04.10;9,74;0,06;48,72;;0,1;;;
2022.04.11;104,88;18,75;146,55;19,32;1,18;;;
2022.04.12;118,17;74,25;142,49;16,21;0,29;;;
2022.04.13;120,10;92,87;149,53;15,75;0,01;;;
2022.04.14;123,22;77,51;150,63;15,94;0;;;
2022.04.15;126,57;101,41;149,01;17,78;0;;;
2022.04.16;134,47;56,44;157,12;18,55;0;;;
2022.04.17;131,40;59,84;158,17;21,06;0,57;;;
2022.04.18;122,45;47,45;158,11;25,93;0,9;;;
2022.04.19;152,87;129,34;158,17;20,33;0,24;;;
2022.04.20;140,44;99,58;158,32;19,31;0,04;;;
2022.04.21;138,21;109,17;158,22;17,98;0,15;;;
2022.04.22;137,17;75,65;157,60;20,63;0;;;
2022.04.23;120,99;62,54;156,34;24,1;0,01;;;
2022.04.24;125,86;72,19;157,22;25,09;0;;;
2022.04.25;144,61;78,61;157,22;22,83;0,03;;;
2022.04.26;138,75;108,03;157,22;22,18;0,07;;;
2022.04.27;130,04;63,50;157,97;21,84;0,1;;;
2022.04.28;125,40;69,72;153,04;21,84;0,02;;;
2022.04.29;111,77;63,72;140,18;22,92;0,11;;;
2022.04.30;60,46;16,08;140,24;26,99;0,48;;;
2022.05.01;16,98;0,11;51,24;22,65;0,19;;;
2022.05.02;6,78;0,06;48,03;21,48;0,35;;;
2022.05.03;55,35;1,60;153,71;23,12;0,32;;;
2022.05.04;40,84;1,60;160,11;22,05;0,67;;;
2022.05.05;85,40;2,18;160,11;20,1;0,52;;;
2022.05.06;81,34;32,02;146,98;19,97;0,26;;;
2022.05.07;66,38;2,55;152,81;20,25;0,13;;;
2022.05.08;80,62;3,18;159,09;19,71;0,31;;;
2022.05.09;116,97;44,54;159,09;20,87;0,1;;;
2022.05.10;115,59;85,72;152,66;21,03;0,15;;;
2022.05.11;133,08;101,26;158,64;21,44;0,23;;;
2022.05.12;127,18;74,76;155,88;21,58;0,02;;;
2022.05.13;133,34;111,08;154,96;22,28;0,02;;;
2022.05.14;127,62;74,83;155,90;23,24;0,1;;;
2022.05.15;126,34;73,88;155,81;23,52;0,46;;;
2022.05.16;126,92;74,79;155,81;23,53;0,06;;;
2022.05.17;126,90;93,48;150,49;23,89;0;;;
2022.05.18;119,38;61,66;140,90;23,73;0,58;;;
2022.05.19;70,26;4,53;147,92;22,12;0,39;;;
2022.05.20;106,70;48,08;164,25;22,78;0;;;
2022.05.21;134,91;71,67;164,25;25,28;0,1;;;
2022.05.22;106,44;44,51;163,22;23,94;0,13;;;
2022.05.23;130,37;71,22;163,22;24,95;0,89;;;
2022.05.24;132,91;74,13;163,22;24,38;0;;;
2022.05.25;139,28;98,10;163,01;26,61;0,03;;;
2022.05.26;142,59;99,39;159,65;27,78;0,03;;;
2022.05.27;133,54;85,56;158,36;27,96;0;;;
2022.05.28;136,57;68,53;157,05;28,56;0;;;
2022.05.29;118,58;67,84;156,90;28,28;0,08;;;
2022.05.30;128,92;67,60;156,90;28,89;0;;;
2022.05.31;145,56;114,05;156,90;28,44;0,1;;;
2022.06.01;138,57;83,40;181,80;31,14;0,16;;;
2022.06.02;144,15;91,29;182,13;32,71;0,22;;;
2022.06.03;137,76;73,90;181,62;34;0,19;;;
2022.06.04;131,39;42,69;181,22;32;0,28;;;
2022.06.05;130,85;71,67;180,44;29,3;0,25;;;
2022.06.06;141,01;91,04;177,90;28,81;0,95;;;
2022.06.07;132,63;104,42;166,76;26,2;0,35;;;
2022.06.08;144,67;104,06;177,18;26,78;0,42;;;
2022.06.09;152,02;130,00;176,56;26,33;0;;;
2022.06.10;139,25;101,57;174,60;26,89;0,07;;;
2022.06.11;130,66;105,70;157,35;28,27;1,17;;;
2022.06.12;113,32;74,62;152,00;28,68;1,12;;;
2022.06.13;119,79;82,91;152,15;25,9;0,21;;;
2022.06.14;126,42;83,72;160,01;26,72;0,35;;;
2022.06.15;122,22;97,03;135,85;27,35;0,06;;;
2022.06.16;124,62;97,19;146,62;29,45;0,13;;;
2022.06.17;132,48;107,84;154,85;29,02;0,13;;;
2022.06.18;127,50;90,75;169,24;31,06;0;;;
2022.06.19;96,94;27,51;147,56;31,5;0,02;;;
2022.06.20;143,21;107,59;176,09;29,53;0,42;;;
2022.06.21;149,74;127,56;176,09;29,06;0,81;;;
2022.06.22;133,39;96,04;175,01;30,5;0,1;;;
2022.06.23;128,96;95,73;143,50;31,05;0;;;
2022.06.24;129,42;96,08;150,98;28,86;1,16;;;
2022.06.25;126,67;95,91;169,90;27,97;0,64;;;
2022.06.26;102,28;54,72;150,31;28,31;0,12;;;
2022.06.27;119,60;70,04;150,48;27,87;0,77;;;
2022.06.28;121,31;95,76;136,42;27,85;0,68;;;
2022.06.29;131,16;99,40;155,79;27,9;0,39;;;
2022.06.30;132,76;99,51;153,53;31,3;0,13;;;
2022.07.01;141,28;107,29;168,32;29,68;0,1;;;
2022.07.02;131,09;100,75;187,10;30,86;0;;;
2022.07.03;71,19;14,31;171,72;30,69;0;;;
2022.07.04;130,83;83,75;208,93;30,77;0;;;
2022.07.05;130,60;84,46;160,16;31,64;0;;;
2022.07.06;147,06;114,36;208,19;32,57;0;;;
2022.07.07;145,97;114,26;174,79;30,2;0;;;
2022.07.08;122,25;56,89;170,66;31,15;0;;;
2022.07.09;84,72;5,68;207,40;31,2;0,33;;;
2022.07.10;75,90;5,68;213,08;31,5;1,73;;;
2022.07.11;131,82;28,41;213,08;29,38;0,32;;;
2022.07.12;104,45;56,82;210,24;30,07;0;;;
2022.07.13;131,93;58,24;192,63;30,53;0;;;
2022.07.14;116,88;71,03;161,94;34,33;0;;;
2022.07.15;103,10;42,93;171,73;32,78;0;;;
2022.07.16;132,54;80,01;191,45;31,58;0;;;
2022.07.17;116,77;72,90;171,51;32,57;0;;;
2022.07.18;134,52;68,58;170,95;33,38;0;;;
2022.07.19;138,86;85,73;171,45;31,57;0;;;
2022.07.20;144,73;84,71;211,77;33,35;0;;;
2022.07.21;148,38;83,59;194,98;31,81;0;;;
2022.07.22;148,40;97,47;191,00;31,4;0;;;
2022.07.23;135,11;82,13;179,71;31,9;0;;;
2022.07.24;121,29;83,29;166,59;32,84;0;;;
2022.07.25;157,15;116,61;208,23;32,24;0;;;
2022.07.26;163,58;97,18;208,23;33,42;0;;;
2022.07.27;178,10;130,77;206,13;31,77;0;;;
2022.07.28;165,07;121,14;206,50;31,62;0;;;
2022.07.29;143,22;107,31;160,21;33,15;0;;;
2022.07.30;139,31;96,06;205,84;32,15;0;;;
2022.07.31;133,04;109,30;204,94;32,64;0;;;
2022.08.01;181,43;109,30;218,61;30,83;0;;;
2022.08.02;163,54;109,30;204,94;33,53;0;;;
2022.08.04;148,15;122,51;177,11;32,43;0;;;
2022.08.05;149,58;121,31;173,99;33,33;0,01;;;
2022.08.06;148,00;123,10;185,41;33,39;0,05;;;
2022.08.07;131,71;68,11;180,21;31,25;0,11;;;
2022.08.08;144,93;108,98;217,97;31,42;0,09;;;
2022.08.09;159,74;122,60;204,34;30,93;0,05;;;
2022.08.10;148,53;109,38;180,69;29,89;0,12;;;
2022.08.11;142,75;106,13;204,55;29,97;1,55;;;
2022.08.12;148,50;119,95;190,83;31,13;0;;;
2022.08.13;166,86;121,99;215,91;31,33;0,05;;;
2022.08.14;152,14;119,12;216,58;30,97;0,39;;;
2022.08.15;186,58;125,33;216,58;30,03;1,17;;;
2022.08.16;191,45;143,20;216,58;29,08;0;;;
2022.08.17;180,62;122,79;218,30;29,99;0,01;;;
2022.08.18;176,02;123,65;219,83;31,36;0,01;;;
2022.08.19;176,19;133,16;219,19;31,75;0,01;;;
2022.08.20;172,28;133,16;218,95;31,02;0;;;
2022.08.21;160,15;123,56;219,67;30,25;0,01;;;
2022.08.22;193,20;133,60;219,67;30,14;0,03;;;
2022.08.23;189,69;137,07;219,67;30,33;0,49;;;
2022.08.24;193,35;158,28;220,77;30,72;0,4;;;
2022.08.25;195,38;154,02;222,64;30,38;0,76;;;
2022.08.26;180,23;152,39;222,08;29,84;0,39;;;
2022.08.27;189,95;148,58;220,53;28,46;0,12;;;
2022.08.28;153,67;110,28;215,05;29,25;0,03;;;
2022.08.29;182,49;124,07;220,56;30,07;0;;;
2022.08.30;156,75;110,28;220,56;29,99;0,04;;;
2022.08.31;199,06;138,17;221,08;32,05;0,6;;;
2022.09.01;195,21;138,17;221,08;32,34;0,26;;;
2022.09.02;243,40;165,22;264,36;35,26;0,03;;;
2022.09.03;228,64;164,63;263,41;34,83;0,44;;;
2022.09.04;187,10;90,76;247,53;32,82;0,21;;;
2022.09.05;185,27;55,01;248,19;29,06;0,14;;;
2022.09.06;208,82;137,51;247,53;30,29;0,04;;;
2022.09.07;204,98;152,32;263,09;28,9;0;;;
2022.09.08;214,98;151,80;262,21;29,05;0;;;
2022.09.09;224,02;152,46;266,11;29,18;0;;;
2022.09.10;216,72;179,73;263,36;28,24;0;;;
2022.09.11;208,23;149,76;261,41;28,45;0;;;
2022.09.12;214,82;149,76;260,32;28,03;0,28;;;
2022.09.13;214,77;163,38;260,32;27,75;0,75;;;
2022.09.14;223,43;162,13;259,40;28,05;0;;;
2022.09.15;227,39;178,25;259,28;27,84;0;;;
2022.09.16;223,24;150,94;263,45;27,98;0;;;
2022.09.17;215,52;164,75;263,60;30,28;0;;;
2022.09.18;186,35;137,40;263,80;28,58;0,08;;;
2022.09.19;222,31;151,14;263,80;28,08;0;;;
2022.09.20;223,55;151,14;263,25;28,52;0,06;;;
2022.09.21;215,14;164,59;257,86;28,45;0,28;;;
2022.09.22;212,25;150,26;262,27;25,44;1,35;;;
2022.09.23;205,21;151,67;246,21;24,86;0,24;;;
2022.09.24;209,61;152,11;265,51;24,6;0,35;;;
2022.09.25;196,73;111,46;267,51;25,02;0;;;
2022.09.26;214,79;139,33;267,51;25,22;0;;;
2022.09.27;198,87;111,22;267,51;25,66;0,05;;;
2022.09.28;208,09;140,46;269,80;26,18;0,1;;;
2022.09.29;207,28;140,61;270,09;26,2;0;;;
2022.09.30;228,84;155,62;271,63;28,15;0;;;
2022.10.01;231,97;153,43;267,81;29,13;0;;;
2022.10.02;183,29;124,04;264,62;29,94;0,53;;;
2022.10.03;208,80;110,97;264,62;27,52;0,05;;;
2022.10.04;211,55;137,82;264,62;26,19;0,38;;;
2022.10.05;215,91;137,76;264,40;27,85;0,07;;;
2022.10.06;188,66;109,15;237,87;25,76;0,08;;;
2022.10.07;183,65;94,91;251,81;25,27;0,17;;;
2022.10.08;205,58;73,93;261,52;23,78;0,99;;;
2022.10.09;206,48;122,26;264,03;23,25;0,37;;;
2022.10.10;215,71;137,52;264,03;23,67;0;;;
2022.10.11;206,27;137,52;264,03;24,04;0;;;
2022.10.12;213,80;155,51;255,49;24,01;0,02;;;
2022.10.13;205,97;138,76;249,77;24,08;0,03;;;
2022.10.14;226,65;138,66;266,23;24,12;0,16;;;
2022.10.15;206,62;138,58;261,94;23,04;0,73;;;
2022.10.16;89,47;13,82;248,71;23,08;1,03;;;
2022.10.17;139,87;0,06;260,87;25,67;0,14;;;
2022.10.18;179,33;27,63;265,30;25,88;0,04;;;
2022.10.19;229,75;138,20;265,34;23,2;0,07;;;
2022.10.20;198,86;136,84;262,73;23,34;0,26;;;
2022.10.21;160,54;54,90;263,51;23,05;0,75;;;
2022.10.22;199,86;158,91;263,94;22,03;0,15;;;
2022.10.23;171,19;52,47;264,83;22;0;;;
2022.10.24;210,56;82,82;264,83;22,67;0;;;
2022.10.25;214,59;30,35;264,83;22,84;0;;;
2022.10.26;223,56;153,21;262,64;24,07;0,05;;;
2022.10.27;195,54;136,44;261,96;23,98;0;;;
2022.10.28;145,70;16,11;257,71;22,72;0;;;
2022.10.29;103,29;16,06;246,20;21,98;0;;;
2022.10.30;131,87;13,38;256,91;23,34;0,01;;;
2022.10.31;203,52;66,90;256,91;24,46;0,35;;;
2022.11.01;175,57;90,98;256,91;22,15;0;;;
2022.11.02;195,55;108,26;259,82;21,33;0;;;
2022.11.03;213,21;126,63;259,91;20,95;0;;;
2022.11.04;216,94;135,84;260,81;20,39;0;;;
2022.11.05;196,79;110,11;264,26;20,32;0;;;
2022.11.06;141,50;30,24;263,95;21,44;0,24;;;
2022.11.07;184,70;93,48;261,20;20,13;0,51;;;
2022.11.08;197,17;109,98;263,95;18,79;0,25;;;
2022.11.09;210,98;91,77;259,14;18,65;0,25;;;
2022.11.10;225,09;134,59;258,42;18,54;0,2;;;
2022.11.11;218,26;133,80;256,89;18,61;0,03;;;
2022.11.12;186,86;107,86;258,87;19,65;0;;;
2022.11.13;149,79;89,26;242,25;19,8;0;;;
2022.11.14;184,23;78,99;252,78;19,25;0;;;
2022.11.15;214,59;105,32;252,78;18,91;0,18;;;
2022.11.16;208,62;104,35;250,44;17,51;0,8;;;
2022.11.17;154,54;28,45;248,28;17,33;0,29;;;
2022.11.18;134,19;25,84;242,93;19,68;1,06;;;
2022.11.19;145,62;25,93;248,93;22,01;0,21;;;
2022.11.20;77,19;5,19;233,35;22,87;0,01;;;
2022.11.21;151,96;5,19;248,91;22,59;0,9;;;
2022.11.22;199,15;85,33;248,91;20,11;0,26;;;
2022.11.23;156,52;26,24;251,91;17,94;0,58;;;
2022.11.24;204,51;85,34;251,31;18,85;1,17;;;
2022.11.25;208,12;130,14;249,87;15,05;1,96;;;
2022.11.26;180,40;84,14;247,76;15,26;0,76;;;
2022.11.27;130,66;51,43;247,84;15,2;0,05;;;
2022.11.28;182,29;83,95;247,84;16,84;0,53;;;
2022.11.29;214,49;113,25;247,84;19,7;0,51;;;
2022.11.30;202,93;83,77;247,33;18,52;0,26;;;
2022.12.01;196,45;103,56;248,56;19,08;1,37;;;
2022.12.02;209,73;155,58;248,93;17,98;0,48;;;
2022.12.03;195,18;141,60;242,01;16,98;0,36;;;
2022.12.04;183,08;102,04;244,89;16,29;0;;;
2022.12.05;212,48;127,55;244,89;15,74;0,02;;;
2022.12.06;214,51;127,55;244,89;16,03;0,02;;;
2022.12.07;217,81;143,91;244,35;15,8;0,1;;;
2022.12.08;201,77;102,37;245,68;16,66;0,41;;;
2022.12.09;171,37;83,36;246,13;15,38;0,08;;;
2022.12.10;155,64;64,83;245,19;17,28;0,06;;;
2022.12.11;62,66;12,71;101,68;19,64;2,59;;;
2022.12.12;166,20;12,71;244,05;17,65;2,16;;;
2022.12.13;166,31;82,67;244,05;17;1,16;;;
2022.12.14;200,20;101,84;244,42;15,55;1,17;;;
2022.12.15;187,12;101,84;244,42;15,85;0,4;;;
2022.12.16;183,60;100,83;242,00;16,32;0;;;
2022.12.17;189,20;101,02;242,44;18,35;0;;;
2022.12.18;171,10;64,36;242,28;16,01;0,1;;;
2022.12.19;149,90;27,76;242,28;15,73;0,35;;;
2022.12.20;168,52;39,12;242,28;15,12;0,2;;;
2022.12.21;211,57;101,05;242,52;14,02;0,3;;;
2022.12.22;220,79;151,50;242,39;14,7;0;;;
2022.12.23;216,50;151,58;242,44;14,32;0;;;
2022.12.24;209,37;151,30;241,99;13,19;0,01;;;
2022.12.25;189,49;126,23;242,37;13,5;0,68;;;
2022.12.26;196,71;100,99;242,37;14,05;1,4;;;
2022.12.27;212,19;151,48;242,37;12,48;0;;;
2022.12.28;204,61;151,27;242,03;13,01;0;;;
2022.12.29;201,50;150,74;241,10;13,56;0;;;
2022.12.30;202,50;155,82;241,27;14,14;0;;;
2022.12.31;193,60;168,51;241,43;13,66;0;;;
